,Brands,Models,BrandModels
0,AC,Cobra,AC Cobra
1,AIWAYS,U5,AIWAYS U5
2,AIWAYS,U6,AIWAYS U6
3,AIXAM,300,AIXAM 300
4,AIXAM,400,AIXAM 400
5,AIXAM,500,AIXAM 500
6,AIXAM,600,AIXAM 600
7,AIXAM,721,AIXAM 721
8,AIXAM,751,AIXAM 751
9,AIXAM,CROSSLINE,AIXAM CROSSLINE
10,AIXAM,ECITY,AIXAM ECITY
11,AIXAM,ECOUPE,AIXAM ECOUPE
12,AIXAM,MAC,AIXAM MAC
13,AIXAM,SCOUTY,AIXAM SCOUTY
14,ALFA ROMEO,145,ALFA ROMEO 145
15,ALFA ROMEO,146,ALFA ROMEO 146
16,ALFA ROMEO,147,ALFA ROMEO 147
17,ALFA ROMEO,155,ALFA ROMEO 155
18,ALFA ROMEO,156,ALFA ROMEO 156
19,ALFA ROMEO,159,ALFA ROMEO 159
20,ALFA ROMEO,164,ALFA ROMEO 164
21,ALFA ROMEO,166,ALFA ROMEO 166
22,ALFA ROMEO,1750,ALFA ROMEO 1750
23,ALFA ROMEO,2600,ALFA ROMEO 2600
24,ALFA ROMEO,33,ALFA ROMEO 33
25,ALFA ROMEO,4C,ALFA ROMEO 4C
26,ALFA ROMEO,6,ALFA ROMEO 6
27,ALFA ROMEO,75,ALFA ROMEO 75
28,ALFA ROMEO,8C,ALFA ROMEO 8C
29,ALFA ROMEO,90,ALFA ROMEO 90
30,ALFA ROMEO,ALFASUD,ALFA ROMEO ALFASUD
31,ALFA ROMEO,ALFETTA,ALFA ROMEO ALFETTA
32,ALFA ROMEO,ARNA,ALFA ROMEO ARNA
33,ALFA ROMEO,BRERA,ALFA ROMEO BRERA
34,ALFA ROMEO,Giulia,ALFA ROMEO Giulia
35,ALFA ROMEO,GIULIETTA,ALFA ROMEO GIULIETTA
36,ALFA ROMEO,GT,ALFA ROMEO GT
37,ALFA ROMEO,GTV,ALFA ROMEO GTV
38,ALFA ROMEO,MITO,ALFA ROMEO MITO
39,ALFA ROMEO,MONTREAL,ALFA ROMEO MONTREAL
40,ALFA ROMEO,SPIDER,ALFA ROMEO SPIDER
41,ALFA ROMEO,STELVIO,ALFA ROMEO STELVIO
42,ALFA ROMEO,TONALE,ALFA ROMEO TONALE
43,ALFA ROMEO,ZAGATO,ALFA ROMEO ZAGATO
44,ALPINE,A110,ALPINE A110
45,ALPINE,A110 S,ALPINE A110 S
46,ALPINE,A310,ALPINE A310
47,ALPINE,A610,ALPINE A610
48,ALPINE,V6,ALPINE V6
49,ARTEGA,GT,ARTEGA GT
50,ASTON MARTIN,AR 1,ASTON MARTIN AR 1
51,ASTON MARTIN,CYGNET,ASTON MARTIN CYGNET
52,ASTON MARTIN,DB11,ASTON MARTIN DB11
53,ASTON MARTIN,DB12,ASTON MARTIN DB12
54,ASTON MARTIN,DB7,ASTON MARTIN DB7
55,ASTON MARTIN,DB9,ASTON MARTIN DB9
56,ASTON MARTIN,DBS,ASTON MARTIN DBS
57,ASTON MARTIN,DBX,ASTON MARTIN DBX
58,ASTON MARTIN,LAGONDA,ASTON MARTIN LAGONDA
59,ASTON MARTIN,One 77,ASTON MARTIN One 77
60,ASTON MARTIN,RAPIDE,ASTON MARTIN RAPIDE
61,ASTON MARTIN,V12 Vanquish,ASTON MARTIN V12 Vanquish
62,ASTON MARTIN,V12 Vantage,ASTON MARTIN V12 Vantage
63,ASTON MARTIN,V8 Vantage,ASTON MARTIN V8 Vantage
64,ASTON MARTIN,Virage,ASTON MARTIN Virage
65,AUDI,100,AUDI 100
66,AUDI,200,AUDI 200
67,AUDI,80,AUDI 80
68,AUDI,90,AUDI 90
69,AUDI,A1,AUDI A1
70,AUDI,A2,AUDI A2
71,AUDI,A3,AUDI A3
72,AUDI,A4,AUDI A4
73,AUDI,A4 ALLROAD,AUDI A4 ALLROAD
74,AUDI,A5,AUDI A5
75,AUDI,A6,AUDI A6
76,AUDI,A6 ALLROAD,AUDI A6 ALLROAD
77,AUDI,A7,AUDI A7
78,AUDI,A8,AUDI A8
79,AUDI,Cabriolet,AUDI Cabriolet
80,AUDI,Coupé,AUDI Coupé
81,AUDI,e-tron,AUDI e-tron
82,AUDI,e-tron GT,AUDI e-tron GT
83,AUDI,Q2,AUDI Q2
84,AUDI,Q3,AUDI Q3
85,AUDI,Q4 e-tron,AUDI Q4 e-tron
86,AUDI,Q5,AUDI Q5
87,AUDI,Q7,AUDI Q7
88,AUDI,Q8,AUDI Q8
89,AUDI,Q8 e-tron,AUDI Q8 e-tron
90,AUDI,QUATTRO,AUDI QUATTRO
91,AUDI,R8,AUDI R8
92,AUDI,RS Q3,AUDI RS Q3
93,AUDI,RS2,AUDI RS2
94,AUDI,RS3,AUDI RS3
95,AUDI,RS4,AUDI RS4
96,AUDI,RS5,AUDI RS5
97,AUDI,RS6,AUDI RS6
98,AUDI,RS7,AUDI RS7
99,AUDI,RSQ8,AUDI RSQ8
100,AUDI,S1,AUDI S1
101,AUDI,S2,AUDI S2
102,AUDI,S3,AUDI S3
103,AUDI,S4,AUDI S4
104,AUDI,S5,AUDI S5
105,AUDI,S6,AUDI S6
106,AUDI,S7,AUDI S7
107,AUDI,S8,AUDI S8
108,AUDI,SQ2,AUDI SQ2
109,AUDI,SQ5,AUDI SQ5
110,AUDI,SQ7,AUDI SQ7
111,AUDI,SQ8,AUDI SQ8
112,AUDI,TT,AUDI TT
113,AUDI,V8,AUDI V8
114,AUSTIN,MAESTRO,AUSTIN MAESTRO
115,AUSTIN,METRO,AUSTIN METRO
116,AUSTIN,Mini,AUSTIN Mini
117,AUSTIN,MONTEGO,AUSTIN MONTEGO
118,AUSTIN-HEALEY,SPRITE,AUSTIN-HEALEY SPRITE
119,AUTOBIANCHI,A112,AUTOBIANCHI A112
120,AUTOBIANCHI,BIANCHINA,AUTOBIANCHI BIANCHINA
121,BENTLEY,ARNAGE,BENTLEY ARNAGE
122,BENTLEY,AZURE,BENTLEY AZURE
123,BENTLEY,Bentayga,BENTLEY Bentayga
124,BENTLEY,BROOKLANDS,BENTLEY BROOKLANDS
125,BENTLEY,CONTINENTAL,BENTLEY CONTINENTAL
126,BENTLEY,EIGHT,BENTLEY EIGHT
127,BENTLEY,FLYING SPUR,BENTLEY FLYING SPUR
128,BENTLEY,Mulsanne,BENTLEY Mulsanne
129,BENTLEY,S1,BENTLEY S1
130,BENTLEY,S2,BENTLEY S2
131,BENTLEY,TURBO,BENTLEY TURBO
132,BMW,1 SERIES,BMW 1 SERIES
133,BMW,114,BMW 114
134,BMW,116,BMW 116
135,BMW,118,BMW 118
136,BMW,120,BMW 120
137,BMW,123,BMW 123
138,BMW,125,BMW 125
139,BMW,128ti,BMW 128ti
140,BMW,130,BMW 130
141,BMW,135,BMW 135
142,BMW,M135,BMW M135
143,BMW,M140,BMW M140
144,BMW,1600,BMW 1600
145,BMW,1800,BMW 1800
146,BMW,M-SERIES,BMW M-SERIES
147,BMW,1er M,BMW 1er M
148,BMW,M2,BMW M2
149,BMW,M3,BMW M3
150,BMW,M4,BMW M4
151,BMW,M5,BMW M5
152,BMW,M6,BMW M6
153,BMW,M8,BMW M8
154,BMW,X3M,BMW X3M
155,BMW,X4M,BMW X4M
156,BMW,X5M,BMW X5M
157,BMW,X6M,BMW X6M
158,BMW,2000,BMW 2000
159,BMW,2002,BMW 2002
160,BMW,2 SERIES,BMW 2 SERIES
161,BMW,214 Active Tourer,BMW 214 Active Tourer
162,BMW,214 Gran Tourer,BMW 214 Gran Tourer
163,BMW,216 Active Tourer,BMW 216 Active Tourer
164,BMW,216 Gran Tourer,BMW 216 Gran Tourer
165,BMW,218,BMW 218
166,BMW,218 Active Tourer,BMW 218 Active Tourer
167,BMW,218 Gran Tourer,BMW 218 Gran Tourer
168,BMW,220,BMW 220
169,BMW,220 Active Tourer,BMW 220 Active Tourer
170,BMW,220 Gran Tourer,BMW 220 Gran Tourer
171,BMW,223,BMW 223
172,BMW,223 Active Tourer,BMW 223 Active Tourer
173,BMW,225,BMW 225
174,BMW,225 Active Tourer,BMW 225 Active Tourer
175,BMW,228,BMW 228
176,BMW,230,BMW 230
177,BMW,M235,BMW M235
178,BMW,M240,BMW M240
179,BMW,2800,BMW 2800
180,BMW,3.0,BMW 3.0
181,BMW,3 SERIES,BMW 3 SERIES
182,BMW,315,BMW 315
183,BMW,316,BMW 316
184,BMW,318,BMW 318
185,BMW,318 Gran Turismo,BMW 318 Gran Turismo
186,BMW,320,BMW 320
187,BMW,320 Gran Turismo,BMW 320 Gran Turismo
188,BMW,323,BMW 323
189,BMW,324,BMW 324
190,BMW,325,BMW 325
191,BMW,325 Gran Turismo,BMW 325 Gran Turismo
192,BMW,328,BMW 328
193,BMW,328 Gran Turismo,BMW 328 Gran Turismo
194,BMW,330,BMW 330
195,BMW,330 Gran Turismo,BMW 330 Gran Turismo
196,BMW,335,BMW 335
197,BMW,335 Gran Turismo,BMW 335 Gran Turismo
198,BMW,340,BMW 340
199,BMW,340 Gran Turismo,BMW 340 Gran Turismo
200,BMW,ActiveHybrid 3,BMW ActiveHybrid 3
201,BMW,M340,BMW M340
202,BMW,4 SERIES,BMW 4 SERIES
203,BMW,418,BMW 418
204,BMW,420,BMW 420
205,BMW,425,BMW 425
206,BMW,428,BMW 428
207,BMW,430,BMW 430
208,BMW,435,BMW 435
209,BMW,440,BMW 440
210,BMW,M440,BMW M440
211,BMW,507,BMW 507
212,BMW,5 SERIES,BMW 5 SERIES
213,BMW,518,BMW 518
214,BMW,520,BMW 520
215,BMW,520 Gran Turismo,BMW 520 Gran Turismo
216,BMW,523,BMW 523
217,BMW,524,BMW 524
218,BMW,525,BMW 525
219,BMW,528,BMW 528
220,BMW,530,BMW 530
221,BMW,530 Gran Turismo,BMW 530 Gran Turismo
222,BMW,535,BMW 535
223,BMW,535 Gran Turismo,BMW 535 Gran Turismo
224,BMW,540,BMW 540
225,BMW,545,BMW 545
226,BMW,550,BMW 550
227,BMW,550 Gran Turismo,BMW 550 Gran Turismo
228,BMW,ActiveHybrid 5,BMW ActiveHybrid 5
229,BMW,M550,BMW M550
230,BMW,6 SERIES,BMW 6 SERIES
231,BMW,628,BMW 628
232,BMW,630,BMW 630
233,BMW,630 Gran Turismo,BMW 630 Gran Turismo
234,BMW,633,BMW 633
235,BMW,635,BMW 635
236,BMW,640,BMW 640
237,BMW,640 Gran Turismo,BMW 640 Gran Turismo
238,BMW,645,BMW 645
239,BMW,650,BMW 650
240,BMW,7 SERIES,BMW 7 SERIES
241,BMW,725,BMW 725
242,BMW,728,BMW 728
243,BMW,730,BMW 730
244,BMW,732,BMW 732
245,BMW,733,BMW 733
246,BMW,735,BMW 735
247,BMW,740,BMW 740
248,BMW,745,BMW 745
249,BMW,750,BMW 750
250,BMW,760,BMW 760
251,BMW,ActiveHybrid 7,BMW ActiveHybrid 7
252,BMW,M760,BMW M760
253,BMW,8 SERIES,BMW 8 SERIES
254,BMW,840,BMW 840
255,BMW,850,BMW 850
256,BMW,M850,BMW M850
257,BMW,i3,BMW i3
258,BMW,i4,BMW i4
259,BMW,i5,BMW i5
260,BMW,i7,BMW i7
261,BMW,i8,BMW i8
262,BMW,ISETTA,BMW ISETTA
263,BMW,iX,BMW iX
264,BMW,iX1,BMW iX1
265,BMW,iX2,BMW iX2
266,BMW,iX3,BMW iX3
267,BMW,X-SERIES,BMW X-SERIES
268,BMW,X1,BMW X1
269,BMW,X2,BMW X2
270,BMW,X3,BMW X3
271,BMW,X4,BMW X4
272,BMW,X5,BMW X5
273,BMW,X6,BMW X6
274,BMW,X7,BMW X7
275,BMW,XM,BMW XM
276,BMW,Z-SERIES,BMW Z-SERIES
277,BMW,Z1,BMW Z1
278,BMW,Z3,BMW Z3
279,BMW,Z4,BMW Z4
280,BMW,Z8,BMW Z8
281,BMW-ALPINA,3 SERIES,BMW-ALPINA 3 SERIES
282,BMW-ALPINA,4 SERIES,BMW-ALPINA 4 SERIES
283,BMW-ALPINA,5 SERIES,BMW-ALPINA 5 SERIES
284,BMW-ALPINA,6 SERIES,BMW-ALPINA 6 SERIES
285,BMW-ALPINA,7 SERIES,BMW-ALPINA 7 SERIES
286,BMW-ALPINA,7/8 SERIES,BMW-ALPINA 7/8 SERIES
287,BMW-ALPINA,X3 Serie,BMW-ALPINA X3 Serie
288,BMW-ALPINA,XB7,BMW-ALPINA XB7
289,BMW-ALPINA,XD3,BMW-ALPINA XD3
290,BMW-ALPINA,XD4,BMW-ALPINA XD4
291,BMW-ALPINA,Z4,BMW-ALPINA Z4
292,BMW-ALPINA,Z8,BMW-ALPINA Z8
293,BUGATTI,CHIRON,BUGATTI CHIRON
294,BUGATTI,EB,BUGATTI EB
295,BUGATTI,VEYRON,BUGATTI VEYRON
296,BUICK,CENTURY,BUICK CENTURY
297,BUICK,ELECTRA,BUICK ELECTRA
298,BUICK,ENCLAVE,BUICK ENCLAVE
299,BUICK,Le Sabre,BUICK Le Sabre
300,BUICK,PARK AVENUE,BUICK PARK AVENUE
301,BUICK,REGAL,BUICK REGAL
302,BUICK,RIVIERA,BUICK RIVIERA
303,BUICK,ROADMASTER,BUICK ROADMASTER
304,BUICK,SKYLARK,BUICK SKYLARK
305,BUICK,SPEZIAL,BUICK SPEZIAL
306,BUICK,SUPER,BUICK SUPER
307,BYD,ATTO 3,BYD ATTO 3
308,BYD,DOLPHIN,BYD DOLPHIN
309,BYD,HAN,BYD HAN
310,BYD,SEAL,BYD SEAL
311,BYD,TANG,BYD TANG
312,CADILLAC,ALLANTE,CADILLAC ALLANTE
313,CADILLAC,ATS,CADILLAC ATS
314,CADILLAC,BLS,CADILLAC BLS
315,CADILLAC,CT4,CADILLAC CT4
316,CADILLAC,CT5,CADILLAC CT5
317,CADILLAC,CT6,CADILLAC CT6
318,CADILLAC,CTS,CADILLAC CTS
319,CADILLAC,DEVILLE,CADILLAC DEVILLE
320,CADILLAC,DTS,CADILLAC DTS
321,CADILLAC,ELDORADO,CADILLAC ELDORADO
322,CADILLAC,ESCALADE,CADILLAC ESCALADE
323,CADILLAC,FLEETWOOD,CADILLAC FLEETWOOD
324,CADILLAC,LYRIQ,CADILLAC LYRIQ
325,CADILLAC,SERIES 62,CADILLAC SERIES 62
326,CADILLAC,SEVILLE,CADILLAC SEVILLE
327,CADILLAC,SRX,CADILLAC SRX
328,CADILLAC,STS,CADILLAC STS
329,CADILLAC,XLR,CADILLAC XLR
330,CADILLAC,XT4,CADILLAC XT4
331,CADILLAC,XT5,CADILLAC XT5
332,CADILLAC,XT6,CADILLAC XT6
333,CADILLAC,XTS,CADILLAC XTS
334,CATERHAM,SEVEN,CATERHAM SEVEN
335,CATERHAM,SUPER SEVEN,CATERHAM SUPER SEVEN
336,CHEVROLET,ALERO,CHEVROLET ALERO
337,CHEVROLET,ASTRO,CHEVROLET ASTRO
338,CHEVROLET,Avalanche,CHEVROLET Avalanche
339,CHEVROLET,AVEO,CHEVROLET AVEO
340,CHEVROLET,BELAIR,CHEVROLET BELAIR
341,CHEVROLET,BLAZER,CHEVROLET BLAZER
342,CHEVROLET,BOLT,CHEVROLET BOLT
343,CHEVROLET,CAMARO,CHEVROLET CAMARO
344,CHEVROLET,CAPITOL,CHEVROLET CAPITOL
345,CHEVROLET,CAPRICE,CHEVROLET CAPRICE
346,CHEVROLET,CAPTIVA,CHEVROLET CAPTIVA
347,CHEVROLET,CAVALIER,CHEVROLET CAVALIER
348,CHEVROLET,CITATION/CEL,CHEVROLET CITATION/CEL
349,CHEVROLET,Colorado,CHEVROLET Colorado
350,CHEVROLET,CORSICA/BERETTA,CHEVROLET CORSICA/BERETTA
351,CHEVROLET,CORVAIR,CHEVROLET CORVAIR
352,CHEVROLET,CORVETTE,CHEVROLET CORVETTE
353,CHEVROLET,CRUZE,CHEVROLET CRUZE
354,CHEVROLET,El Camino,CHEVROLET El Camino
355,CHEVROLET,EPICA,CHEVROLET EPICA
356,CHEVROLET,Equinox,CHEVROLET Equinox
357,CHEVROLET,EVANDA,CHEVROLET EVANDA
358,CHEVROLET,EXPRESS,CHEVROLET EXPRESS
359,CHEVROLET,G-Van,CHEVROLET G-Van
360,CHEVROLET,HHR,CHEVROLET HHR
361,CHEVROLET,Impala,CHEVROLET Impala
362,CHEVROLET,K1500,CHEVROLET K1500
363,CHEVROLET,KALOS,CHEVROLET KALOS
364,CHEVROLET,LACETTI,CHEVROLET LACETTI
365,CHEVROLET,Lumina,CHEVROLET Lumina
366,CHEVROLET,MALIBU,CHEVROLET MALIBU
367,CHEVROLET,MATIZ,CHEVROLET MATIZ
368,CHEVROLET,Monte Carlo,CHEVROLET Monte Carlo
369,CHEVROLET,Nova,CHEVROLET Nova
370,CHEVROLET,NUBIRA,CHEVROLET NUBIRA
371,CHEVROLET,ORLANDO,CHEVROLET ORLANDO
372,CHEVROLET,Silverado,CHEVROLET Silverado
373,CHEVROLET,SPARK,CHEVROLET SPARK
374,CHEVROLET,SSR,CHEVROLET SSR
375,CHEVROLET,Suburban,CHEVROLET Suburban
376,CHEVROLET,TACUMA,CHEVROLET TACUMA
377,CHEVROLET,TAHOE,CHEVROLET TAHOE
378,CHEVROLET,TRAILBLAZER,CHEVROLET TRAILBLAZER
379,CHEVROLET,TRANSSPORT,CHEVROLET TRANSSPORT
380,CHEVROLET,TRAX,CHEVROLET TRAX
381,CHEVROLET,Venture,CHEVROLET Venture
382,CHEVROLET,VOLT,CHEVROLET VOLT
383,CHRYSLER,200,CHRYSLER 200
384,CHRYSLER,300C,CHRYSLER 300C
385,CHRYSLER,300M,CHRYSLER 300M
386,CHRYSLER,300S,CHRYSLER 300S
387,CHRYSLER,ASPEN,CHRYSLER ASPEN
388,CHRYSLER,CROSSFIRE,CHRYSLER CROSSFIRE
389,CHRYSLER,ES / GTS,CHRYSLER ES / GTS
390,CHRYSLER,Grand Voyager,CHRYSLER Grand Voyager
391,CHRYSLER,GS / DAYTONA,CHRYSLER GS / DAYTONA
392,CHRYSLER,INTREPID,CHRYSLER INTREPID
393,CHRYSLER,LE BARON,CHRYSLER LE BARON
394,CHRYSLER,NEON,CHRYSLER NEON
395,CHRYSLER,NEW YORKER,CHRYSLER NEW YORKER
396,CHRYSLER,NEWPORT,CHRYSLER NEWPORT
397,CHRYSLER,PACIFICA,CHRYSLER PACIFICA
398,CHRYSLER,PROWLER,CHRYSLER PROWLER
399,CHRYSLER,PT CRUISER,CHRYSLER PT CRUISER
400,CHRYSLER,SARATOGA,CHRYSLER SARATOGA
401,CHRYSLER,SEBRING,CHRYSLER SEBRING
402,CHRYSLER,STRATUS,CHRYSLER STRATUS
403,CHRYSLER,TOWN COUNTRY,CHRYSLER TOWN COUNTRY
404,CHRYSLER,Valiant,CHRYSLER Valiant
405,CHRYSLER,VIPER,CHRYSLER VIPER
406,CHRYSLER,VISION,CHRYSLER VISION
407,CHRYSLER,VOYAGER,CHRYSLER VOYAGER
408,CITROEN,2CV,CITROEN 2CV
409,CITROEN,AMI,CITROEN AMI
410,CITROEN,AX,CITROEN AX
411,CITROEN,BERLINGO,CITROEN BERLINGO
412,CITROEN,BX,CITROEN BX
413,CITROEN,C 15,CITROEN C 15
414,CITROEN,C 25,CITROEN C 25
415,CITROEN,C1,CITROEN C1
416,CITROEN,C2,CITROEN C2
417,CITROEN,C3,CITROEN C3
418,CITROEN,C3 AIRCROSS,CITROEN C3 AIRCROSS
419,CITROEN,C3 PICASSO,CITROEN C3 PICASSO
420,CITROEN,C4,CITROEN C4
421,CITROEN,C4 AIRCROSS,CITROEN C4 AIRCROSS
422,CITROEN,C4 CACTUS,CITROEN C4 CACTUS
423,CITROEN,C4 GRAND PICASSO,CITROEN C4 GRAND PICASSO
424,CITROEN,C4 GRAND SPACETOURER,CITROEN C4 GRAND SPACETOURER
425,CITROEN,C4 PICASSO,CITROEN C4 PICASSO
426,CITROEN,C4 SPACETOURER,CITROEN C4 SPACETOURER
427,CITROEN,C4 X,CITROEN C4 X
428,CITROEN,C5,CITROEN C5
429,CITROEN,C5 AIRCROSS,CITROEN C5 AIRCROSS
430,CITROEN,C5 X,CITROEN C5 X
431,CITROEN,C6,CITROEN C6
432,CITROEN,C8,CITROEN C8
433,CITROEN,C-CROSSER,CITROEN C-CROSSER
434,CITROEN,C-Elysee,CITROEN C-Elysee
435,CITROEN,CX,CITROEN CX
436,CITROEN,C-ZERO,CITROEN C-ZERO
437,CITROEN,DS 21,CITROEN DS 21
438,CITROEN,E-MEHARI,CITROEN E-MEHARI
439,CITROEN,EVASION,CITROEN EVASION
440,CITROEN,GSA,CITROEN GSA
441,CITROEN,JUMPER,CITROEN JUMPER
442,CITROEN,JUMPY,CITROEN JUMPY
443,CITROEN,LNA,CITROEN LNA
444,CITROEN,MEHARI,CITROEN MEHARI
445,CITROEN,NEMO,CITROEN NEMO
446,CITROEN,SAXO,CITROEN SAXO
447,CITROEN,SPACETOURER,CITROEN SPACETOURER
448,CITROEN,SPEZIAL,CITROEN SPEZIAL
449,CITROEN,VISA,CITROEN VISA
450,CITROEN,XANTIA,CITROEN XANTIA
451,CITROEN,XM,CITROEN XM
452,CITROEN,XSARA,CITROEN XSARA
453,CITROEN,XSARA PICASSO,CITROEN XSARA PICASSO
454,CITROEN,ZX,CITROEN ZX
455,CUPRA,ATECA,CUPRA ATECA
456,CUPRA,BORN,CUPRA BORN
457,CUPRA,FORMENTOR,CUPRA FORMENTOR
458,CUPRA,LEON,CUPRA LEON
459,DACIA,DOKKER,DACIA DOKKER
460,DACIA,DUSTER,DACIA DUSTER
461,DACIA,JOGGER,DACIA JOGGER
462,DACIA,LODGY,DACIA LODGY
463,DACIA,LOGAN,DACIA LOGAN
464,DACIA,SANDERO,DACIA SANDERO
465,DACIA,SPRING,DACIA SPRING
466,DAEWOO,ESPERO,DAEWOO ESPERO
467,DAEWOO,EVANDA,DAEWOO EVANDA
468,DAEWOO,KALOS,DAEWOO KALOS
469,DAEWOO,KORANDO,DAEWOO KORANDO
470,DAEWOO,LACETTI,DAEWOO LACETTI
471,DAEWOO,LANOS,DAEWOO LANOS
472,DAEWOO,LEGANZA,DAEWOO LEGANZA
473,DAEWOO,MATIZ,DAEWOO MATIZ
474,DAEWOO,MUSSO,DAEWOO MUSSO
475,DAEWOO,NEXIA,DAEWOO NEXIA
476,DAEWOO,NUBIRA,DAEWOO NUBIRA
477,DAEWOO,REXTON,DAEWOO REXTON
478,DAEWOO,TACUMA,DAEWOO TACUMA
479,DAIHATSU,APPLAUSE,DAIHATSU APPLAUSE
480,DAIHATSU,CHARADE,DAIHATSU CHARADE
481,DAIHATSU,CHARMANT,DAIHATSU CHARMANT
482,DAIHATSU,COPEN,DAIHATSU COPEN
483,DAIHATSU,CUORE,DAIHATSU CUORE
484,DAIHATSU,FEROZA,DAIHATSU FEROZA
485,DAIHATSU,HIJET,DAIHATSU HIJET
486,DAIHATSU,MATERIA,DAIHATSU MATERIA
487,DAIHATSU,MOVE,DAIHATSU MOVE
488,DAIHATSU,ROCKY,DAIHATSU ROCKY
489,DAIHATSU,SIRION,DAIHATSU SIRION
490,DAIHATSU,TAFT,DAIHATSU TAFT
491,DAIHATSU,TERIOS,DAIHATSU TERIOS
492,DAIHATSU,TREVIS,DAIHATSU TREVIS
493,DAIHATSU,YRV,DAIHATSU YRV
494,DAIMLER,3.6 I,DAIMLER 3.6 I
495,DAIMLER,Double Six,DAIMLER Double Six
496,DAIMLER,Six,DAIMLER Six
497,DAIMLER,Super V8,DAIMLER Super V8
498,DAIMLER,V8,DAIMLER V8
499,DAIMLER,X300,DAIMLER X300
500,DAIMLER,XJ,DAIMLER XJ
501,DATSUN,260Z,DATSUN 260Z
502,DATSUN,280,DATSUN 280
503,DATSUN,CHERRY,DATSUN CHERRY
504,DE TOMASO,GUARA,DE TOMASO GUARA
505,DE TOMASO,PANTERA,DE TOMASO PANTERA
506,DFM,MINI,DFM MINI
507,DODGE,AVENGER,DODGE AVENGER
508,DODGE,CALIBER,DODGE CALIBER
509,DODGE,Caravan,DODGE Caravan
510,DODGE,Challenger,DODGE Challenger
511,DODGE,Charger,DODGE Charger
512,DODGE,CORONET,DODGE CORONET
513,DODGE,Dakota,DODGE Dakota
514,DODGE,DART,DODGE DART
515,DODGE,Durango,DODGE Durango
516,DODGE,Grand Caravan,DODGE Grand Caravan
517,DODGE,Hornet,DODGE Hornet
518,DODGE,JOURNEY,DODGE JOURNEY
519,DODGE,Magnum,DODGE Magnum
520,DODGE,NITRO,DODGE NITRO
521,DODGE,POLARA,DODGE POLARA
522,DODGE,Ram,DODGE Ram
523,DODGE,Stealth,DODGE Stealth
524,DODGE,VIPER,DODGE VIPER
525,DODGE,WC,DODGE WC
526,DONKERVOORT,D8 / S8,DONKERVOORT D8 / S8
527,DONKERVOORT,S8,DONKERVOORT S8
528,DS AUTOMOBILES,DS3,DS AUTOMOBILES DS3
529,DS AUTOMOBILES,DS4,DS AUTOMOBILES DS4
530,DS AUTOMOBILES,DS5,DS AUTOMOBILES DS5
531,DS AUTOMOBILES,DS7,DS AUTOMOBILES DS7
532,DS AUTOMOBILES,DS9,DS AUTOMOBILES DS9
533,DS AUTOMOBILES,ID / DS,DS AUTOMOBILES ID / DS
534,E.GO,BEO,E.GO BEO
535,E.GO,DYO,E.GO DYO
536,E.GO,JACO,E.GO JACO
537,E.GO,LEO,E.GO LEO
538,E.GO,PIO,E.GO PIO
539,EXCALIBUR,Roadster,EXCALIBUR Roadster
540,FERRARI,208,FERRARI 208
541,FERRARI,212,FERRARI 212
542,FERRARI,296,FERRARI 296
543,FERRARI,308,FERRARI 308
544,FERRARI,328,FERRARI 328
545,FERRARI,330,FERRARI 330
546,FERRARI,348,FERRARI 348
547,FERRARI,365,FERRARI 365
548,FERRARI,400,FERRARI 400
549,FERRARI,412,FERRARI 412
550,FERRARI,456,FERRARI 456
551,FERRARI,458,FERRARI 458
552,FERRARI,488,FERRARI 488
553,FERRARI,512BB,FERRARI 512BB
554,FERRARI,575M,FERRARI 575M
555,FERRARI,599,FERRARI 599
556,FERRARI,612,FERRARI 612
557,FERRARI,812,FERRARI 812
558,FERRARI,CALIFORNIA,FERRARI CALIFORNIA
559,FERRARI,Dino,FERRARI Dino
560,FERRARI,F1,FERRARI F1
561,FERRARI,F12,FERRARI F12
562,FERRARI,F355,FERRARI F355
563,FERRARI,F360,FERRARI F360
564,FERRARI,F40 / F50,FERRARI F40 / F50
565,FERRARI,F430,FERRARI F430
566,FERRARI,F550,FERRARI F550
567,FERRARI,F8,FERRARI F8
568,FERRARI,FF,FERRARI FF
569,FERRARI,GTC,FERRARI GTC
570,FERRARI,LaFerrari,FERRARI LaFerrari
571,FERRARI,LaFerrari Aperta,FERRARI LaFerrari Aperta
572,FERRARI,MONDIAL,FERRARI MONDIAL
573,FERRARI,PORTOFINO,FERRARI PORTOFINO
574,FERRARI,Roma,FERRARI Roma
575,FERRARI,SF90,FERRARI SF90
576,FERRARI,TESTAR./512,FERRARI TESTAR./512
577,FIAT,124,FIAT 124
578,FIAT,124 Spider,FIAT 124 Spider
579,FIAT,126,FIAT 126
580,FIAT,127,FIAT 127
581,FIAT,128,FIAT 128
582,FIAT,130,FIAT 130
583,FIAT,131,FIAT 131
584,FIAT,132 A,FIAT 132 A
585,FIAT,1500,FIAT 1500
586,FIAT,1600s,FIAT 1600s
587,FIAT,500,FIAT 500
588,FIAT,500 Abarth,FIAT 500 Abarth
589,FIAT,500L,FIAT 500L
590,FIAT,500X,FIAT 500X
591,FIAT,501,FIAT 501
592,FIAT,595 ABARTH,FIAT 595 ABARTH
593,FIAT,600,FIAT 600
594,FIAT,695 ABARTH,FIAT 695 ABARTH
595,FIAT,850,FIAT 850
596,FIAT,Argenta,FIAT Argenta
597,FIAT,BARCHETTA,FIAT BARCHETTA
598,FIAT,BERTONE,FIAT BERTONE
599,FIAT,BRAVA,FIAT BRAVA
600,FIAT,BRAVO,FIAT BRAVO
601,FIAT,CINQUECENTO,FIAT CINQUECENTO
602,FIAT,COUPÉ,FIAT COUPÉ
603,FIAT,CROMA,FIAT CROMA
604,FIAT,Dino,FIAT Dino
605,FIAT,DOBLO,FIAT DOBLO
606,FIAT,Ducato,FIAT Ducato
607,FIAT,FIORINO,FIAT FIORINO
608,FIAT,FREEMONT,FIAT FREEMONT
609,FIAT,FULLBACK,FIAT FULLBACK
610,FIAT,IDEA,FIAT IDEA
611,FIAT,LINEA,FIAT LINEA
612,FIAT,MAREA,FIAT MAREA
613,FIAT,MULTIPLA,FIAT MULTIPLA
614,FIAT,PALIO,FIAT PALIO
615,FIAT,PANDA,FIAT PANDA
616,FIAT,PUNTO,FIAT PUNTO
617,FIAT,QUBO,FIAT QUBO
618,FIAT,REGATA,FIAT REGATA
619,FIAT,RITMO,FIAT RITMO
620,FIAT,SCUDO,FIAT SCUDO
621,FIAT,SEDICI,FIAT SEDICI
622,FIAT,SEICENTO,FIAT SEICENTO
623,FIAT,STILO,FIAT STILO
624,FIAT,STRADA,FIAT STRADA
625,FIAT,Talento,FIAT Talento
626,FIAT,TEMPRA,FIAT TEMPRA
627,FIAT,TIPO,FIAT TIPO
628,FIAT,ULYSSE,FIAT ULYSSE
629,FIAT,UNO,FIAT UNO
630,FISKER,KARMA,FISKER KARMA
631,FISKER,OCEAN,FISKER OCEAN
632,FORD,AEROSTAR,FORD AEROSTAR
633,FORD,ANGLIA,FORD ANGLIA
634,FORD,B-MAX,FORD B-MAX
635,FORD,BRONCO,FORD BRONCO
636,FORD,BRONCO SPORT,FORD BRONCO SPORT
637,FORD,CAPRI,FORD CAPRI
638,FORD,C-MAX,FORD C-MAX
639,FORD,CORTINA,FORD CORTINA
640,FORD,COUGAR,FORD COUGAR
641,FORD,COURIER,FORD COURIER
642,FORD,CROWN VICTORIA,FORD CROWN VICTORIA
643,FORD,Econoline,FORD Econoline
644,FORD,ECOSPORT,FORD ECOSPORT
645,FORD,EDGE,FORD EDGE
646,FORD,EDSEL,FORD EDSEL
647,FORD,Escape,FORD Escape
648,FORD,ESCORT,FORD ESCORT
649,FORD,Excursion,FORD Excursion
650,FORD,Expedition,FORD Expedition
651,FORD,EXPLORER,FORD EXPLORER
652,FORD,FAIRLANE,FORD FAIRLANE
653,FORD,FIESTA,FORD FIESTA
654,FORD,FLEX,FORD FLEX
655,FORD,FOCUS,FORD FOCUS
656,FORD,F-Pickup,FORD F-Pickup
657,FORD,FREESTYLE,FORD FREESTYLE
658,FORD,FUSION,FORD FUSION
659,FORD,GALAXY,FORD GALAXY
660,FORD,GRANADA,FORD GRANADA
661,FORD,Grand C-MAX,FORD Grand C-MAX
662,FORD,GT,FORD GT
663,FORD,KA,FORD KA
664,FORD,KUGA,FORD KUGA
665,FORD,MAVERICK,FORD MAVERICK
666,FORD,Mercury,FORD Mercury
667,FORD,MONDEO,FORD MONDEO
668,FORD,MUSTANG,FORD MUSTANG
669,FORD,MUSTANG MACH-E,FORD MUSTANG MACH-E
670,FORD,MUTT,FORD MUTT
671,FORD,ORION,FORD ORION
672,FORD,OSI,FORD OSI
673,FORD,Probe,FORD Probe
674,FORD,PUMA,FORD PUMA
675,FORD,Ranchero,FORD Ranchero
676,FORD,RANGER,FORD RANGER
677,FORD,SCORPIO,FORD SCORPIO
678,FORD,SIERRA,FORD SIERRA
679,FORD,S-MAX,FORD S-MAX
680,FORD,STREETKA,FORD STREETKA
681,FORD,Taunus,FORD Taunus
682,FORD,TAURUS,FORD TAURUS
683,FORD,Thunderbird,FORD Thunderbird
684,FORD,TORINO,FORD TORINO
685,FORD,TOURNEO,FORD TOURNEO
686,FORD,TOURNEO CONNECT,FORD TOURNEO CONNECT
687,FORD,TOURNEO COURIER,FORD TOURNEO COURIER
688,FORD,TOURNEO CUSTOM,FORD TOURNEO CUSTOM
689,FORD,Transit,FORD Transit
690,FORD,TRANSIT CONNECT,FORD TRANSIT CONNECT
691,FORD,TRANSIT COURIER,FORD TRANSIT COURIER
692,FORD,TRANSIT CUSTOM,FORD TRANSIT CUSTOM
693,FORD,WINDSTAR,FORD WINDSTAR
694,FORD,ZEPHYR,FORD ZEPHYR
695,FORD,ZODIAC,FORD ZODIAC
696,GENESIS,G70,GENESIS G70
697,GENESIS,G80,GENESIS G80
698,GENESIS,G90,GENESIS G90
699,GENESIS,GV60,GENESIS GV60
700,GENESIS,GV70,GENESIS GV70
701,GENESIS,GV80,GENESIS GV80
702,GMC,C/K Pickup,GMC C/K Pickup
703,GMC,Envoy,GMC Envoy
704,GMC,Sierra,GMC Sierra
705,GMC,Suburban,GMC Suburban
706,GMC,Typhoon,GMC Typhoon
707,GMC,Yukon,GMC Yukon
708,HITEC,ECO CAR,HITEC ECO CAR
709,HONDA,ACCORD,HONDA ACCORD
710,HONDA,BALLADE,HONDA BALLADE
711,HONDA,City,HONDA City
712,HONDA,CIVIC,HONDA CIVIC
713,HONDA,CONCERTO,HONDA CONCERTO
714,HONDA,CR-V,HONDA CR-V
715,HONDA,CR-X,HONDA CR-X
716,HONDA,CR-Z,HONDA CR-Z
717,HONDA,E,HONDA E
718,HONDA,E:NY1,HONDA E:NY1
719,HONDA,FR-V,HONDA FR-V
720,HONDA,HR-V,HONDA HR-V
721,HONDA,INSIGHT,HONDA INSIGHT
722,HONDA,INTEGRA,HONDA INTEGRA
723,HONDA,JAZZ,HONDA JAZZ
724,HONDA,JOKER,HONDA JOKER
725,HONDA,LEGEND,HONDA LEGEND
726,HONDA,LOGO,HONDA LOGO
727,HONDA,NSS,HONDA NSS
728,HONDA,NSX,HONDA NSX
729,HONDA,NY1,HONDA NY1
730,HONDA,ODYSSEY,HONDA ODYSSEY
731,HONDA,PILOT,HONDA PILOT
732,HONDA,PRELUDE,HONDA PRELUDE
733,HONDA,QUINTET,HONDA QUINTET
734,HONDA,RIDGELINE,HONDA RIDGELINE
735,HONDA,S2000,HONDA S2000
736,HONDA,S800,HONDA S800
737,HONDA,SHUTTLE,HONDA SHUTTLE
738,HONDA,STREAM,HONDA STREAM
739,HONDA,ZR-V,HONDA ZR-V
740,HUMMER,H1,HUMMER H1
741,HUMMER,H2,HUMMER H2
742,HUMMER,H3,HUMMER H3
743,HYUNDAI,ACCENT,HYUNDAI ACCENT
744,HYUNDAI,ATOS,HYUNDAI ATOS
745,HYUNDAI,BAYON,HYUNDAI BAYON
746,HYUNDAI,COUPÉ,HYUNDAI COUPÉ
747,HYUNDAI,ELANTRA,HYUNDAI ELANTRA
748,HYUNDAI,GALLOPER,HYUNDAI GALLOPER
749,HYUNDAI,GENESIS,HYUNDAI GENESIS
750,HYUNDAI,GETZ,HYUNDAI GETZ
751,HYUNDAI,GRAND SANTA FE,HYUNDAI GRAND SANTA FE
752,HYUNDAI,GRANDEUR,HYUNDAI GRANDEUR
753,HYUNDAI,H-1,HYUNDAI H-1
754,HYUNDAI,i10,HYUNDAI i10
755,HYUNDAI,i20,HYUNDAI i20
756,HYUNDAI,i30,HYUNDAI i30
757,HYUNDAI,i40,HYUNDAI i40
758,HYUNDAI,IONIQ,HYUNDAI IONIQ
759,HYUNDAI,IONIQ 5,HYUNDAI IONIQ 5
760,HYUNDAI,IONIQ 6,HYUNDAI IONIQ 6
761,HYUNDAI,iX20,HYUNDAI iX20
762,HYUNDAI,iX35,HYUNDAI iX35
763,HYUNDAI,iX55,HYUNDAI iX55
764,HYUNDAI,KONA,HYUNDAI KONA
765,HYUNDAI,LANTRA,HYUNDAI LANTRA
766,HYUNDAI,MATRIX,HYUNDAI MATRIX
767,HYUNDAI,NEXO,HYUNDAI NEXO
768,HYUNDAI,PONY,HYUNDAI PONY
769,HYUNDAI,SANTA FE,HYUNDAI SANTA FE
770,HYUNDAI,SANTAMO,HYUNDAI SANTAMO
771,HYUNDAI,SCOUPE,HYUNDAI SCOUPE
772,HYUNDAI,SONATA,HYUNDAI SONATA
773,HYUNDAI,STAREX,HYUNDAI STAREX
774,HYUNDAI,STARIA,HYUNDAI STARIA
775,HYUNDAI,TERRACAN,HYUNDAI TERRACAN
776,HYUNDAI,TRAJET,HYUNDAI TRAJET
777,HYUNDAI,TUCSON,HYUNDAI TUCSON
778,HYUNDAI,VELOSTER,HYUNDAI VELOSTER
779,HYUNDAI,XG,HYUNDAI XG
780,INEOS,GRENADIER,INEOS GRENADIER
781,INFINITI,EX,INFINITI EX
782,INFINITI,FX,INFINITI FX
783,INFINITI,G,INFINITI G
784,INFINITI,M,INFINITI M
785,INFINITI,Q30,INFINITI Q30
786,INFINITI,Q50,INFINITI Q50
787,INFINITI,Q60,INFINITI Q60
788,INFINITI,Q70,INFINITI Q70
789,INFINITI,QX,INFINITI QX
790,INFINITI,QX30,INFINITI QX30
791,INFINITI,QX50,INFINITI QX50
792,INFINITI,QX70,INFINITI QX70
793,INNOCENTI,MINI,INNOCENTI MINI
794,INTERMECCANICA,D-MAX,INTERMECCANICA D-MAX
795,INTERMECCANICA,KB/CAMPO,INTERMECCANICA KB/CAMPO
796,INTERMECCANICA,MIDI,INTERMECCANICA MIDI
797,INTERMECCANICA,TROOPER,INTERMECCANICA TROOPER
798,INTERMECCANICA,WFR,INTERMECCANICA WFR
799,INTERMECCANICA,WFS,INTERMECCANICA WFS
800,ISUZU,D-MAX,ISUZU D-MAX
801,ISUZU,KB/CAMPO,ISUZU KB/CAMPO
802,ISUZU,MIDI,ISUZU MIDI
803,ISUZU,TROOPER,ISUZU TROOPER
804,ISUZU,WFR,ISUZU WFR
805,ISUZU,WFS,ISUZU WFS
806,IVECO,MASSIF,IVECO MASSIF
807,JAC,E-JS1,JAC E-JS1
808,JAC,e-JS4,JAC e-JS4
809,JAC,e-S2,JAC e-S2
810,JAC,T8,JAC T8
811,JAGUAR,420,JAGUAR 420
812,JAGUAR,Daimler,JAGUAR Daimler
813,JAGUAR,E,JAGUAR E
814,JAGUAR,E-PACE,JAGUAR E-PACE
815,JAGUAR,F-PACE,JAGUAR F-PACE
816,JAGUAR,F-TYPE,JAGUAR F-TYPE
817,JAGUAR,I-PACE,JAGUAR I-PACE
818,JAGUAR,MK 1,JAGUAR MK 1
819,JAGUAR,MK 2,JAGUAR MK 2
820,JAGUAR,MK 4,JAGUAR MK 4
821,JAGUAR,MK 5,JAGUAR MK 5
822,JAGUAR,MK 7,JAGUAR MK 7
823,JAGUAR,MK 8,JAGUAR MK 8
824,JAGUAR,MK X,JAGUAR MK X
825,JAGUAR,Sovereign,JAGUAR Sovereign
826,JAGUAR,S-TYPE,JAGUAR S-TYPE
827,JAGUAR,XE,JAGUAR XE
828,JAGUAR,XF,JAGUAR XF
829,JAGUAR,XJ,JAGUAR XJ
830,JAGUAR,XJ 220,JAGUAR XJ 220
831,JAGUAR,XJ-S,JAGUAR XJ-S
832,JAGUAR,XK,JAGUAR XK
833,JAGUAR,XK120,JAGUAR XK120
834,JAGUAR,XK140,JAGUAR XK140
835,JAGUAR,XK150,JAGUAR XK150
836,JAGUAR,X-TYPE,JAGUAR X-TYPE
837,JEEP,AVENGER,JEEP AVENGER
838,JEEP,CHEROKEE,JEEP CHEROKEE
839,JEEP,CJ,JEEP CJ
840,JEEP,COMMANDER,JEEP COMMANDER
841,JEEP,COMPASS,JEEP COMPASS
842,JEEP,GLADIATOR,JEEP GLADIATOR
843,JEEP,Grand Cherokee,JEEP Grand Cherokee
844,JEEP,PATRIOT,JEEP PATRIOT
845,JEEP,RENEGADE,JEEP RENEGADE
846,JEEP,WAGONEER,JEEP WAGONEER
847,JEEP,WRANGLER,JEEP WRANGLER
848,KIA,CARENS,KIA CARENS
849,KIA,CARNIVAL,KIA CARNIVAL
850,KIA,CEED,KIA CEED
851,KIA,CERATO,KIA CERATO
852,KIA,CLARUS,KIA CLARUS
853,KIA,E NIRO,KIA E NIRO
854,KIA,EV6,KIA EV6
855,KIA,EV9,KIA EV9
856,KIA,LEO,KIA LEO
857,KIA,MAGENTIS,KIA MAGENTIS
858,KIA,NIRO,KIA NIRO
859,KIA,OPIRUS,KIA OPIRUS
860,KIA,OPTIMA,KIA OPTIMA
861,KIA,PICANTO,KIA PICANTO
862,KIA,PREGIO,KIA PREGIO
863,KIA,PREGIO II,KIA PREGIO II
864,KIA,PRIDE,KIA PRIDE
865,KIA,PROCEED,KIA PROCEED
866,KIA,RIO,KIA RIO
867,KIA,SEPHIA,KIA SEPHIA
868,KIA,SHUMA,KIA SHUMA
869,KIA,SORENTO,KIA SORENTO
870,KIA,SOUL,KIA SOUL
871,KIA,SPORTAGE,KIA SPORTAGE
872,KIA,STINGER,KIA STINGER
873,KIA,STONIC,KIA STONIC
874,KIA,VENGA,KIA VENGA
875,KIA,XCEED,KIA XCEED
876,KTM,X-BOW,KTM X-BOW
877,KYBURZ,eRod,KYBURZ eRod
878,LADA,110,LADA 110
879,LADA,111,LADA 111
880,LADA,112,LADA 112
881,LADA,1500 / NOVA,LADA 1500 / NOVA
882,LADA,4x4,LADA 4x4
883,LADA,GRANTA,LADA GRANTA
884,LADA,KALINA,LADA KALINA
885,LADA,NIVA,LADA NIVA
886,LADA,PRIORA,LADA PRIORA
887,LADA,SAMARA,LADA SAMARA
888,LADA,VESTA,LADA VESTA
889,LAMBORGHINI,AVENTADOR,LAMBORGHINI AVENTADOR
890,LAMBORGHINI,COUNTACH,LAMBORGHINI COUNTACH
891,LAMBORGHINI,DIABLO,LAMBORGHINI DIABLO
892,LAMBORGHINI,ESPADA,LAMBORGHINI ESPADA
893,LAMBORGHINI,GALLARDO,LAMBORGHINI GALLARDO
894,LAMBORGHINI,HURACAN,LAMBORGHINI HURACAN
895,LAMBORGHINI,ISLERO,LAMBORGHINI ISLERO
896,LAMBORGHINI,JALPA,LAMBORGHINI JALPA
897,LAMBORGHINI,LM,LAMBORGHINI LM
898,LAMBORGHINI,MURCIÉLAGO,LAMBORGHINI MURCIÉLAGO
899,LAMBORGHINI,URUS,LAMBORGHINI URUS
900,LANCIA,A112,LANCIA A112
901,LANCIA,APPIA,LANCIA APPIA
902,LANCIA,AURELIA,LANCIA AURELIA
903,LANCIA,BETA,LANCIA BETA
904,LANCIA,DEDRA,LANCIA DEDRA
905,LANCIA,DELTA,LANCIA DELTA
906,LANCIA,FLAMINIA,LANCIA FLAMINIA
907,LANCIA,FLAVIA,LANCIA FLAVIA
908,LANCIA,FULVIA,LANCIA FULVIA
909,LANCIA,GAMMA,LANCIA GAMMA
910,LANCIA,HPE,LANCIA HPE
911,LANCIA,KAPPA,LANCIA KAPPA
912,LANCIA,LYBRA,LANCIA LYBRA
913,LANCIA,MUSA,LANCIA MUSA
914,LANCIA,PHEDRA,LANCIA PHEDRA
915,LANCIA,PRISMA,LANCIA PRISMA
916,LANCIA,THEMA,LANCIA THEMA
917,LANCIA,THESIS,LANCIA THESIS
918,LANCIA,TREVI,LANCIA TREVI
919,LANCIA,VOYAGER,LANCIA VOYAGER
920,LANCIA,YPSILON,LANCIA YPSILON
921,LANCIA,ZETA,LANCIA ZETA
922,LAND ROVER,88 - 110,LAND ROVER 88 - 110
923,LAND ROVER,DEFENDER,LAND ROVER DEFENDER
924,LAND ROVER,DISCOVERY,LAND ROVER DISCOVERY
925,LAND ROVER,DISCOVERY SPORT,LAND ROVER DISCOVERY SPORT
926,LAND ROVER,FREELANDER,LAND ROVER FREELANDER
927,LAND ROVER,RANGE ROVER,LAND ROVER RANGE ROVER
928,LAND ROVER,RANGE ROVER EVOQUE,LAND ROVER RANGE ROVER EVOQUE
929,LAND ROVER,RANGE ROVER SPORT,LAND ROVER RANGE ROVER SPORT
930,LAND ROVER,RANGE ROVER VELAR,LAND ROVER RANGE ROVER VELAR
931,LEXUS,CT,LEXUS CT
932,LEXUS,ES,LEXUS ES
933,LEXUS,GS,LEXUS GS
934,LEXUS,IS,LEXUS IS
935,LEXUS,LBX,LEXUS LBX
936,LEXUS,LC,LEXUS LC
937,LEXUS,LFA,LEXUS LFA
938,LEXUS,LM,LEXUS LM
939,LEXUS,LS,LEXUS LS
940,LEXUS,LX,LEXUS LX
941,LEXUS,NX,LEXUS NX
942,LEXUS,RC,LEXUS RC
943,LEXUS,RX,LEXUS RX
944,LEXUS,RZ,LEXUS RZ
945,LEXUS,SC,LEXUS SC
946,LEXUS,SC 400,LEXUS SC 400
947,LEXUS,UX,LEXUS UX
948,LINCOLN,AVIATOR,LINCOLN AVIATOR
949,LINCOLN,Continental,LINCOLN Continental
950,LINCOLN,LS,LINCOLN LS
951,LINCOLN,MKX,LINCOLN MKX
952,LINCOLN,MKZ,LINCOLN MKZ
953,LINCOLN,NAUTILUS,LINCOLN NAUTILUS
954,LINCOLN,Navigator,LINCOLN Navigator
955,LINCOLN,Town Car,LINCOLN Town Car
956,LOTUS,3-ELEVEN,LOTUS 3-ELEVEN
957,LOTUS,ELAN,LOTUS ELAN
958,LOTUS,ELETRE,LOTUS ELETRE
959,LOTUS,ELISE,LOTUS ELISE
960,LOTUS,ELITE,LOTUS ELITE
961,LOTUS,EMIRA,LOTUS EMIRA
962,LOTUS,ESPRIT,LOTUS ESPRIT
963,LOTUS,EUROPA,LOTUS EUROPA
964,LOTUS,EVORA,LOTUS EVORA
965,LOTUS,EXIGE,LOTUS EXIGE
966,LOTUS,Super Seven,LOTUS Super Seven
967,MASERATI,3200 GT,MASERATI 3200 GT
968,MASERATI,BITURBO,MASERATI BITURBO
969,MASERATI,COUPÉ GT,MASERATI COUPÉ GT
970,MASERATI,GHIBLI,MASERATI GHIBLI
971,MASERATI,GRANCABRIO,MASERATI GRANCABRIO
972,MASERATI,GRANSPORT,MASERATI GRANSPORT
973,MASERATI,GRANTURISMO,MASERATI GRANTURISMO
974,MASERATI,GRECALE,MASERATI GRECALE
975,MASERATI,INDY,MASERATI INDY
976,MASERATI,KARIF,MASERATI KARIF
977,MASERATI,KYALAMI,MASERATI KYALAMI
978,MASERATI,LEVANTE,MASERATI LEVANTE
979,MASERATI,MC 20,MASERATI MC 20
980,MASERATI,MC12,MASERATI MC12
981,MASERATI,MERAK,MASERATI MERAK
982,MASERATI,QUATTROPORTE,MASERATI QUATTROPORTE
983,MASERATI,SHAMAL,MASERATI SHAMAL
984,MASERATI,SPYDER GT,MASERATI SPYDER GT
985,MAZDA,121,MAZDA 121
986,MAZDA,2,MAZDA 2
987,MAZDA,3,MAZDA 3
988,MAZDA,323,MAZDA 323
989,MAZDA,5,MAZDA 5
990,MAZDA,6,MAZDA 6
991,MAZDA,626,MAZDA 626
992,MAZDA,929,MAZDA 929
993,MAZDA,B 2500,MAZDA B 2500
994,MAZDA,BT-50,MAZDA BT-50
995,MAZDA,CX-3,MAZDA CX-3
996,MAZDA,CX-30,MAZDA CX-30
997,MAZDA,CX-5,MAZDA CX-5
998,MAZDA,CX-60,MAZDA CX-60
999,MAZDA,CX-7,MAZDA CX-7
1000,MAZDA,CX-9,MAZDA CX-9
1001,MAZDA,DEMIO,MAZDA DEMIO
1002,MAZDA,E 2000,MAZDA E 2000
1003,MAZDA,MPV,MAZDA MPV
1004,MAZDA,MX-3,MAZDA MX-3
1005,MAZDA,MX-30,MAZDA MX-30
1006,MAZDA,MX-5,MAZDA MX-5
1007,MAZDA,MX-6,MAZDA MX-6
1008,MAZDA,PREMACY,MAZDA PREMACY
1009,MAZDA,RX-7,MAZDA RX-7
1010,MAZDA,RX-8,MAZDA RX-8
1011,MAZDA,TRIBUTE,MAZDA TRIBUTE
1012,MAZDA,XEDOS,MAZDA XEDOS
1013,McLAREN,12C,McLAREN 12C
1014,McLAREN,540C,McLAREN 540C
1015,McLAREN,570GT,McLAREN 570GT
1016,McLAREN,570S,McLAREN 570S
1017,McLAREN,600LT,McLAREN 600LT
1018,McLAREN,620R,McLAREN 620R
1019,McLAREN,650S,McLAREN 650S
1020,McLAREN,675LT,McLAREN 675LT
1021,McLAREN,720S,McLAREN 720S
1022,McLAREN,765 LT,McLAREN 765 LT
1023,McLAREN,ARTURA,McLAREN ARTURA
1024,McLAREN,GT,McLAREN GT
1025,McLAREN,SENNA,McLAREN SENNA
1026,MERCEDES-BENZ,180,MERCEDES-BENZ 180
1027,MERCEDES-BENZ,190,MERCEDES-BENZ 190
1028,MERCEDES-BENZ,200,MERCEDES-BENZ 200
1029,MERCEDES-BENZ,220,MERCEDES-BENZ 220
1030,MERCEDES-BENZ,230,MERCEDES-BENZ 230
1031,MERCEDES-BENZ,240,MERCEDES-BENZ 240
1032,MERCEDES-BENZ,250,MERCEDES-BENZ 250
1033,MERCEDES-BENZ,260,MERCEDES-BENZ 260
1034,MERCEDES-BENZ,270,MERCEDES-BENZ 270
1035,MERCEDES-BENZ,280,MERCEDES-BENZ 280
1036,MERCEDES-BENZ,300,MERCEDES-BENZ 300
1037,MERCEDES-BENZ,320,MERCEDES-BENZ 320
1038,MERCEDES-BENZ,350,MERCEDES-BENZ 350
1039,MERCEDES-BENZ,380,MERCEDES-BENZ 380
1040,MERCEDES-BENZ,400,MERCEDES-BENZ 400
1041,MERCEDES-BENZ,420,MERCEDES-BENZ 420
1042,MERCEDES-BENZ,450,MERCEDES-BENZ 450
1043,MERCEDES-BENZ,500,MERCEDES-BENZ 500
1044,MERCEDES-BENZ,560,MERCEDES-BENZ 560
1045,MERCEDES-BENZ,600,MERCEDES-BENZ 600
1046,MERCEDES-BENZ,A-CLASS,MERCEDES-BENZ A-CLASS
1047,MERCEDES-BENZ,A 140,MERCEDES-BENZ A 140
1048,MERCEDES-BENZ,A 150,MERCEDES-BENZ A 150
1049,MERCEDES-BENZ,A 160,MERCEDES-BENZ A 160
1050,MERCEDES-BENZ,A 170,MERCEDES-BENZ A 170
1051,MERCEDES-BENZ,A 180,MERCEDES-BENZ A 180
1052,MERCEDES-BENZ,A 190,MERCEDES-BENZ A 190
1053,MERCEDES-BENZ,A 200,MERCEDES-BENZ A 200
1054,MERCEDES-BENZ,A 210,MERCEDES-BENZ A 210
1055,MERCEDES-BENZ,A 220,MERCEDES-BENZ A 220
1056,MERCEDES-BENZ,A 250,MERCEDES-BENZ A 250
1057,MERCEDES-BENZ,A 35 AMG,MERCEDES-BENZ A 35 AMG
1058,MERCEDES-BENZ,A 45 AMG,MERCEDES-BENZ A 45 AMG
1059,MERCEDES-BENZ,AMG GT,MERCEDES-BENZ AMG GT
1060,MERCEDES-BENZ,B-CLASS,MERCEDES-BENZ B-CLASS
1061,MERCEDES-BENZ,B 150,MERCEDES-BENZ B 150
1062,MERCEDES-BENZ,B 160,MERCEDES-BENZ B 160
1063,MERCEDES-BENZ,B 170,MERCEDES-BENZ B 170
1064,MERCEDES-BENZ,B 180,MERCEDES-BENZ B 180
1065,MERCEDES-BENZ,B 200,MERCEDES-BENZ B 200
1066,MERCEDES-BENZ,B 220,MERCEDES-BENZ B 220
1067,MERCEDES-BENZ,B 250,MERCEDES-BENZ B 250
1068,MERCEDES-BENZ,B ELECTRIC DRIVE,MERCEDES-BENZ B ELECTRIC DRIVE
1069,MERCEDES-BENZ,C-CLASS,MERCEDES-BENZ C-CLASS
1070,MERCEDES-BENZ,C 160,MERCEDES-BENZ C 160
1071,MERCEDES-BENZ,C 180,MERCEDES-BENZ C 180
1072,MERCEDES-BENZ,C 200,MERCEDES-BENZ C 200
1073,MERCEDES-BENZ,C 220,MERCEDES-BENZ C 220
1074,MERCEDES-BENZ,C 230,MERCEDES-BENZ C 230
1075,MERCEDES-BENZ,C 240,MERCEDES-BENZ C 240
1076,MERCEDES-BENZ,C 250,MERCEDES-BENZ C 250
1077,MERCEDES-BENZ,C 270,MERCEDES-BENZ C 270
1078,MERCEDES-BENZ,C 280,MERCEDES-BENZ C 280
1079,MERCEDES-BENZ,C 30 AMG,MERCEDES-BENZ C 30 AMG
1080,MERCEDES-BENZ,C 300,MERCEDES-BENZ C 300
1081,MERCEDES-BENZ,C 32 AMG,MERCEDES-BENZ C 32 AMG
1082,MERCEDES-BENZ,C 320,MERCEDES-BENZ C 320
1083,MERCEDES-BENZ,C 350,MERCEDES-BENZ C 350
1084,MERCEDES-BENZ,C 36 AMG,MERCEDES-BENZ C 36 AMG
1085,MERCEDES-BENZ,C 400,MERCEDES-BENZ C 400
1086,MERCEDES-BENZ,C 43 AMG,MERCEDES-BENZ C 43 AMG
1087,MERCEDES-BENZ,C 450,MERCEDES-BENZ C 450
1088,MERCEDES-BENZ,C 55 AMG,MERCEDES-BENZ C 55 AMG
1089,MERCEDES-BENZ,C 63 AMG,MERCEDES-BENZ C 63 AMG
1090,MERCEDES-BENZ,CITAN,MERCEDES-BENZ CITAN
1091,MERCEDES-BENZ,CL-CLASS,MERCEDES-BENZ CL-CLASS
1092,MERCEDES-BENZ,CL 420,MERCEDES-BENZ CL 420
1093,MERCEDES-BENZ,CL 500,MERCEDES-BENZ CL 500
1094,MERCEDES-BENZ,CL 55 AMG,MERCEDES-BENZ CL 55 AMG
1095,MERCEDES-BENZ,CL 600,MERCEDES-BENZ CL 600
1096,MERCEDES-BENZ,CL 63 AMG,MERCEDES-BENZ CL 63 AMG
1097,MERCEDES-BENZ,CL 65 AMG,MERCEDES-BENZ CL 65 AMG
1098,MERCEDES-BENZ,CLA-CLASS,MERCEDES-BENZ CLA-CLASS
1099,MERCEDES-BENZ,CLA 180,MERCEDES-BENZ CLA 180
1100,MERCEDES-BENZ,CLA 200,MERCEDES-BENZ CLA 200
1101,MERCEDES-BENZ,CLA 220,MERCEDES-BENZ CLA 220
1102,MERCEDES-BENZ,CLA 250,MERCEDES-BENZ CLA 250
1103,MERCEDES-BENZ,CLA 35 AMG,MERCEDES-BENZ CLA 35 AMG
1104,MERCEDES-BENZ,CLA 45 AMG,MERCEDES-BENZ CLA 45 AMG
1105,MERCEDES-BENZ,CLC-CLASS,MERCEDES-BENZ CLC-CLASS
1106,MERCEDES-BENZ,CLC 160,MERCEDES-BENZ CLC 160
1107,MERCEDES-BENZ,CLC 180,MERCEDES-BENZ CLC 180
1108,MERCEDES-BENZ,CLC 200,MERCEDES-BENZ CLC 200
1109,MERCEDES-BENZ,CLC 220,MERCEDES-BENZ CLC 220
1110,MERCEDES-BENZ,CLC 250,MERCEDES-BENZ CLC 250
1111,MERCEDES-BENZ,CLC 350,MERCEDES-BENZ CLC 350
1112,MERCEDES-BENZ,CLE 200,MERCEDES-BENZ CLE 200
1113,MERCEDES-BENZ,CLE 300,MERCEDES-BENZ CLE 300
1114,MERCEDES-BENZ,CLE 450,MERCEDES-BENZ CLE 450
1115,MERCEDES-BENZ,CLE 53,MERCEDES-BENZ CLE 53
1116,MERCEDES-BENZ,CLK-CLASS,MERCEDES-BENZ CLK-CLASS
1117,MERCEDES-BENZ,CLK 200,MERCEDES-BENZ CLK 200
1118,MERCEDES-BENZ,CLK 220,MERCEDES-BENZ CLK 220
1119,MERCEDES-BENZ,CLK 230,MERCEDES-BENZ CLK 230
1120,MERCEDES-BENZ,CLK 240,MERCEDES-BENZ CLK 240
1121,MERCEDES-BENZ,CLK 270,MERCEDES-BENZ CLK 270
1122,MERCEDES-BENZ,CLK 280,MERCEDES-BENZ CLK 280
1123,MERCEDES-BENZ,CLK 320,MERCEDES-BENZ CLK 320
1124,MERCEDES-BENZ,CLK 350,MERCEDES-BENZ CLK 350
1125,MERCEDES-BENZ,CLK 430,MERCEDES-BENZ CLK 430
1126,MERCEDES-BENZ,CLK 500,MERCEDES-BENZ CLK 500
1127,MERCEDES-BENZ,CLK 55 AMG,MERCEDES-BENZ CLK 55 AMG
1128,MERCEDES-BENZ,CLK 63 AMG,MERCEDES-BENZ CLK 63 AMG
1129,MERCEDES-BENZ,CLS-CLASS,MERCEDES-BENZ CLS-CLASS
1130,MERCEDES-BENZ,CLS 220,MERCEDES-BENZ CLS 220
1131,MERCEDES-BENZ,CLS 250,MERCEDES-BENZ CLS 250
1132,MERCEDES-BENZ,CLS 280,MERCEDES-BENZ CLS 280
1133,MERCEDES-BENZ,CLS 300,MERCEDES-BENZ CLS 300
1134,MERCEDES-BENZ,CLS 320,MERCEDES-BENZ CLS 320
1135,MERCEDES-BENZ,CLS 350,MERCEDES-BENZ CLS 350
1136,MERCEDES-BENZ,CLS 400,MERCEDES-BENZ CLS 400
1137,MERCEDES-BENZ,CLS 450,MERCEDES-BENZ CLS 450
1138,MERCEDES-BENZ,CLS 500,MERCEDES-BENZ CLS 500
1139,MERCEDES-BENZ,CLS 53 AMG,MERCEDES-BENZ CLS 53 AMG
1140,MERCEDES-BENZ,CLS 55 AMG,MERCEDES-BENZ CLS 55 AMG
1141,MERCEDES-BENZ,CLS 550,MERCEDES-BENZ CLS 550
1142,MERCEDES-BENZ,CLS 63 AMG,MERCEDES-BENZ CLS 63 AMG
1143,MERCEDES-BENZ,E-CLASS,MERCEDES-BENZ E-CLASS
1144,MERCEDES-BENZ,E 200,MERCEDES-BENZ E 200
1145,MERCEDES-BENZ,E 220,MERCEDES-BENZ E 220
1146,MERCEDES-BENZ,E 230,MERCEDES-BENZ E 230
1147,MERCEDES-BENZ,E 240,MERCEDES-BENZ E 240
1148,MERCEDES-BENZ,E 250,MERCEDES-BENZ E 250
1149,MERCEDES-BENZ,E 260,MERCEDES-BENZ E 260
1150,MERCEDES-BENZ,E 270,MERCEDES-BENZ E 270
1151,MERCEDES-BENZ,E 280,MERCEDES-BENZ E 280
1152,MERCEDES-BENZ,E 290,MERCEDES-BENZ E 290
1153,MERCEDES-BENZ,E 300,MERCEDES-BENZ E 300
1154,MERCEDES-BENZ,E 320,MERCEDES-BENZ E 320
1155,MERCEDES-BENZ,E 350,MERCEDES-BENZ E 350
1156,MERCEDES-BENZ,E 36 AMG,MERCEDES-BENZ E 36 AMG
1157,MERCEDES-BENZ,E 400,MERCEDES-BENZ E 400
1158,MERCEDES-BENZ,E 420,MERCEDES-BENZ E 420
1159,MERCEDES-BENZ,E 43 AMG,MERCEDES-BENZ E 43 AMG
1160,MERCEDES-BENZ,E 430,MERCEDES-BENZ E 430
1161,MERCEDES-BENZ,E 450,MERCEDES-BENZ E 450
1162,MERCEDES-BENZ,E 50 AMG,MERCEDES-BENZ E 50 AMG
1163,MERCEDES-BENZ,E 500,MERCEDES-BENZ E 500
1164,MERCEDES-BENZ,E 53 AMG,MERCEDES-BENZ E 53 AMG
1165,MERCEDES-BENZ,E 55 AMG,MERCEDES-BENZ E 55 AMG
1166,MERCEDES-BENZ,E 63 AMG,MERCEDES-BENZ E 63 AMG
1167,MERCEDES-BENZ,ECITAN,MERCEDES-BENZ ECITAN
1168,MERCEDES-BENZ,EQA,MERCEDES-BENZ EQA
1169,MERCEDES-BENZ,EQA 250,MERCEDES-BENZ EQA 250
1170,MERCEDES-BENZ,EQA 300,MERCEDES-BENZ EQA 300
1171,MERCEDES-BENZ,EQA 350,MERCEDES-BENZ EQA 350
1172,MERCEDES-BENZ,EQB,MERCEDES-BENZ EQB
1173,MERCEDES-BENZ,EQB 250,MERCEDES-BENZ EQB 250
1174,MERCEDES-BENZ,EQB 300,MERCEDES-BENZ EQB 300
1175,MERCEDES-BENZ,EQB 350,MERCEDES-BENZ EQB 350
1176,MERCEDES-BENZ,EQC 400,MERCEDES-BENZ EQC 400
1177,MERCEDES-BENZ,EQE,MERCEDES-BENZ EQE
1178,MERCEDES-BENZ,EQE 300,MERCEDES-BENZ EQE 300
1179,MERCEDES-BENZ,EQE 350,MERCEDES-BENZ EQE 350
1180,MERCEDES-BENZ,EQE 43,MERCEDES-BENZ EQE 43
1181,MERCEDES-BENZ,EQE 500,MERCEDES-BENZ EQE 500
1182,MERCEDES-BENZ,EQE 53,MERCEDES-BENZ EQE 53
1183,MERCEDES-BENZ,EQE SUV,MERCEDES-BENZ EQE SUV
1184,MERCEDES-BENZ,EQS,MERCEDES-BENZ EQS
1185,MERCEDES-BENZ,EQS 350,MERCEDES-BENZ EQS 350
1186,MERCEDES-BENZ,EQS 450,MERCEDES-BENZ EQS 450
1187,MERCEDES-BENZ,EQS 500,MERCEDES-BENZ EQS 500
1188,MERCEDES-BENZ,EQS 53,MERCEDES-BENZ EQS 53
1189,MERCEDES-BENZ,EQS 580,MERCEDES-BENZ EQS 580
1190,MERCEDES-BENZ,EQS SUV,MERCEDES-BENZ EQS SUV
1191,MERCEDES-BENZ,EQT,MERCEDES-BENZ EQT
1192,MERCEDES-BENZ,EQV,MERCEDES-BENZ EQV
1193,MERCEDES-BENZ,EQV 250,MERCEDES-BENZ EQV 250
1194,MERCEDES-BENZ,EQV 300,MERCEDES-BENZ EQV 300
1195,MERCEDES-BENZ,G-CLASS,MERCEDES-BENZ G-CLASS
1196,MERCEDES-BENZ,G 250,MERCEDES-BENZ G 250
1197,MERCEDES-BENZ,G 270,MERCEDES-BENZ G 270
1198,MERCEDES-BENZ,G 280,MERCEDES-BENZ G 280
1199,MERCEDES-BENZ,G 300,MERCEDES-BENZ G 300
1200,MERCEDES-BENZ,G 320,MERCEDES-BENZ G 320
1201,MERCEDES-BENZ,G 350,MERCEDES-BENZ G 350
1202,MERCEDES-BENZ,G 400,MERCEDES-BENZ G 400
1203,MERCEDES-BENZ,G 500,MERCEDES-BENZ G 500
1204,MERCEDES-BENZ,G 55 AMG,MERCEDES-BENZ G 55 AMG
1205,MERCEDES-BENZ,G 63 AMG,MERCEDES-BENZ G 63 AMG
1206,MERCEDES-BENZ,G 65 AMG,MERCEDES-BENZ G 65 AMG
1207,MERCEDES-BENZ,G 650,MERCEDES-BENZ G 650
1208,MERCEDES-BENZ,GL-CLASS,MERCEDES-BENZ GL-CLASS
1209,MERCEDES-BENZ,GL 320,MERCEDES-BENZ GL 320
1210,MERCEDES-BENZ,GL 350,MERCEDES-BENZ GL 350
1211,MERCEDES-BENZ,GL 400,MERCEDES-BENZ GL 400
1212,MERCEDES-BENZ,GL 450,MERCEDES-BENZ GL 450
1213,MERCEDES-BENZ,GL 500,MERCEDES-BENZ GL 500
1214,MERCEDES-BENZ,GL 550,MERCEDES-BENZ GL 550
1215,MERCEDES-BENZ,GL 63 AMG,MERCEDES-BENZ GL 63 AMG
1216,MERCEDES-BENZ,GLA-CLASS,MERCEDES-BENZ GLA-CLASS
1217,MERCEDES-BENZ,GLA 180,MERCEDES-BENZ GLA 180
1218,MERCEDES-BENZ,GLA 200,MERCEDES-BENZ GLA 200
1219,MERCEDES-BENZ,GLA 220,MERCEDES-BENZ GLA 220
1220,MERCEDES-BENZ,GLA 250,MERCEDES-BENZ GLA 250
1221,MERCEDES-BENZ,GLA 35 AMG,MERCEDES-BENZ GLA 35 AMG
1222,MERCEDES-BENZ,GLA 45 AMG,MERCEDES-BENZ GLA 45 AMG
1223,MERCEDES-BENZ,GLB-CLASS,MERCEDES-BENZ GLB-CLASS
1224,MERCEDES-BENZ,GLB 180,MERCEDES-BENZ GLB 180
1225,MERCEDES-BENZ,GLB 200,MERCEDES-BENZ GLB 200
1226,MERCEDES-BENZ,GLB 220,MERCEDES-BENZ GLB 220
1227,MERCEDES-BENZ,GLB 250,MERCEDES-BENZ GLB 250
1228,MERCEDES-BENZ,GLB 35 AMG,MERCEDES-BENZ GLB 35 AMG
1229,MERCEDES-BENZ,GLC-CLASS,MERCEDES-BENZ GLC-CLASS
1230,MERCEDES-BENZ,GLC 200,MERCEDES-BENZ GLC 200
1231,MERCEDES-BENZ,GLC 220,MERCEDES-BENZ GLC 220
1232,MERCEDES-BENZ,GLC 250,MERCEDES-BENZ GLC 250
1233,MERCEDES-BENZ,GLC 300,MERCEDES-BENZ GLC 300
1234,MERCEDES-BENZ,GLC 350,MERCEDES-BENZ GLC 350
1235,MERCEDES-BENZ,GLC 400,MERCEDES-BENZ GLC 400
1236,MERCEDES-BENZ,GLC 43 AMG,MERCEDES-BENZ GLC 43 AMG
1237,MERCEDES-BENZ,GLC 450,MERCEDES-BENZ GLC 450
1238,MERCEDES-BENZ,GLC 63 AMG,MERCEDES-BENZ GLC 63 AMG
1239,MERCEDES-BENZ,GLE-CLASS,MERCEDES-BENZ GLE-CLASS
1240,MERCEDES-BENZ,GLE 250,MERCEDES-BENZ GLE 250
1241,MERCEDES-BENZ,GLE 300,MERCEDES-BENZ GLE 300
1242,MERCEDES-BENZ,GLE 350,MERCEDES-BENZ GLE 350
1243,MERCEDES-BENZ,GLE 400,MERCEDES-BENZ GLE 400
1244,MERCEDES-BENZ,GLE 43 AMG,MERCEDES-BENZ GLE 43 AMG
1245,MERCEDES-BENZ,GLE 450,MERCEDES-BENZ GLE 450
1246,MERCEDES-BENZ,GLE 500,MERCEDES-BENZ GLE 500
1247,MERCEDES-BENZ,GLE 53 AMG,MERCEDES-BENZ GLE 53 AMG
1248,MERCEDES-BENZ,GLE 580,MERCEDES-BENZ GLE 580
1249,MERCEDES-BENZ,GLE 63 AMG,MERCEDES-BENZ GLE 63 AMG
1250,MERCEDES-BENZ,GLK-CLASS,MERCEDES-BENZ GLK-CLASS
1251,MERCEDES-BENZ,GLK 200,MERCEDES-BENZ GLK 200
1252,MERCEDES-BENZ,GLK 220,MERCEDES-BENZ GLK 220
1253,MERCEDES-BENZ,GLK 250,MERCEDES-BENZ GLK 250
1254,MERCEDES-BENZ,GLK 300,MERCEDES-BENZ GLK 300
1255,MERCEDES-BENZ,GLK 320,MERCEDES-BENZ GLK 320
1256,MERCEDES-BENZ,GLK 350,MERCEDES-BENZ GLK 350
1257,MERCEDES-BENZ,GLS-Class,MERCEDES-BENZ GLS-Class
1258,MERCEDES-BENZ,GLS 350,MERCEDES-BENZ GLS 350
1259,MERCEDES-BENZ,GLS 400,MERCEDES-BENZ GLS 400
1260,MERCEDES-BENZ,GLS 450,MERCEDES-BENZ GLS 450
1261,MERCEDES-BENZ,GLS 500,MERCEDES-BENZ GLS 500
1262,MERCEDES-BENZ,GLS 580,MERCEDES-BENZ GLS 580
1263,MERCEDES-BENZ,GLS 600,MERCEDES-BENZ GLS 600
1264,MERCEDES-BENZ,GLS 63 AMG,MERCEDES-BENZ GLS 63 AMG
1265,MERCEDES-BENZ,M-CLASS,MERCEDES-BENZ M-CLASS
1266,MERCEDES-BENZ,ML 230,MERCEDES-BENZ ML 230
1267,MERCEDES-BENZ,ML 250,MERCEDES-BENZ ML 250
1268,MERCEDES-BENZ,ML 270,MERCEDES-BENZ ML 270
1269,MERCEDES-BENZ,ML 280,MERCEDES-BENZ ML 280
1270,MERCEDES-BENZ,ML 300,MERCEDES-BENZ ML 300
1271,MERCEDES-BENZ,ML 320,MERCEDES-BENZ ML 320
1272,MERCEDES-BENZ,ML 350,MERCEDES-BENZ ML 350
1273,MERCEDES-BENZ,ML 400,MERCEDES-BENZ ML 400
1274,MERCEDES-BENZ,ML 420,MERCEDES-BENZ ML 420
1275,MERCEDES-BENZ,ML 430,MERCEDES-BENZ ML 430
1276,MERCEDES-BENZ,ML 450,MERCEDES-BENZ ML 450
1277,MERCEDES-BENZ,ML 500,MERCEDES-BENZ ML 500
1278,MERCEDES-BENZ,ML 55 AMG,MERCEDES-BENZ ML 55 AMG
1279,MERCEDES-BENZ,ML 63 AMG,MERCEDES-BENZ ML 63 AMG
1280,MERCEDES-BENZ,R-CLASS,MERCEDES-BENZ R-CLASS
1281,MERCEDES-BENZ,R 280,MERCEDES-BENZ R 280
1282,MERCEDES-BENZ,R 300,MERCEDES-BENZ R 300
1283,MERCEDES-BENZ,R 320,MERCEDES-BENZ R 320
1284,MERCEDES-BENZ,R 350,MERCEDES-BENZ R 350
1285,MERCEDES-BENZ,R 500,MERCEDES-BENZ R 500
1286,MERCEDES-BENZ,R 63 AMG,MERCEDES-BENZ R 63 AMG
1287,MERCEDES-BENZ,S-CLASS,MERCEDES-BENZ S-CLASS
1288,MERCEDES-BENZ,S 250,MERCEDES-BENZ S 250
1289,MERCEDES-BENZ,S 280,MERCEDES-BENZ S 280
1290,MERCEDES-BENZ,S 300,MERCEDES-BENZ S 300
1291,MERCEDES-BENZ,S 320,MERCEDES-BENZ S 320
1292,MERCEDES-BENZ,S 350,MERCEDES-BENZ S 350
1293,MERCEDES-BENZ,S 400,MERCEDES-BENZ S 400
1294,MERCEDES-BENZ,S 420,MERCEDES-BENZ S 420
1295,MERCEDES-BENZ,S 430,MERCEDES-BENZ S 430
1296,MERCEDES-BENZ,S 450,MERCEDES-BENZ S 450
1297,MERCEDES-BENZ,S 500,MERCEDES-BENZ S 500
1298,MERCEDES-BENZ,S 55 AMG,MERCEDES-BENZ S 55 AMG
1299,MERCEDES-BENZ,S 560,MERCEDES-BENZ S 560
1300,MERCEDES-BENZ,S 580,MERCEDES-BENZ S 580
1301,MERCEDES-BENZ,S 600,MERCEDES-BENZ S 600
1302,MERCEDES-BENZ,S 63 AMG,MERCEDES-BENZ S 63 AMG
1303,MERCEDES-BENZ,S 65 AMG,MERCEDES-BENZ S 65 AMG
1304,MERCEDES-BENZ,S 650,MERCEDES-BENZ S 650
1305,MERCEDES-BENZ,S 680,MERCEDES-BENZ S 680
1306,MERCEDES-BENZ,SEC-CLASS,MERCEDES-BENZ SEC-CLASS
1307,MERCEDES-BENZ,SEC 380,MERCEDES-BENZ SEC 380
1308,MERCEDES-BENZ,SEC 420,MERCEDES-BENZ SEC 420
1309,MERCEDES-BENZ,SEC 500,MERCEDES-BENZ SEC 500
1310,MERCEDES-BENZ,SEC 560,MERCEDES-BENZ SEC 560
1311,MERCEDES-BENZ,SL-CLASS,MERCEDES-BENZ SL-CLASS
1312,MERCEDES-BENZ,SL 230,MERCEDES-BENZ SL 230
1313,MERCEDES-BENZ,SL 250,MERCEDES-BENZ SL 250
1314,MERCEDES-BENZ,SL 280,MERCEDES-BENZ SL 280
1315,MERCEDES-BENZ,SL 300,MERCEDES-BENZ SL 300
1316,MERCEDES-BENZ,SL 320,MERCEDES-BENZ SL 320
1317,MERCEDES-BENZ,SL 350,MERCEDES-BENZ SL 350
1318,MERCEDES-BENZ,SL 380,MERCEDES-BENZ SL 380
1319,MERCEDES-BENZ,SL 400,MERCEDES-BENZ SL 400
1320,MERCEDES-BENZ,SL 420,MERCEDES-BENZ SL 420
1321,MERCEDES-BENZ,SL 43 AMG,MERCEDES-BENZ SL 43 AMG
1322,MERCEDES-BENZ,SL 450,MERCEDES-BENZ SL 450
1323,MERCEDES-BENZ,SL 500,MERCEDES-BENZ SL 500
1324,MERCEDES-BENZ,SL 55 AMG,MERCEDES-BENZ SL 55 AMG
1325,MERCEDES-BENZ,SL 60 AMG,MERCEDES-BENZ SL 60 AMG
1326,MERCEDES-BENZ,SL 600,MERCEDES-BENZ SL 600
1327,MERCEDES-BENZ,SL 63 AMG,MERCEDES-BENZ SL 63 AMG
1328,MERCEDES-BENZ,SL 65 AMG,MERCEDES-BENZ SL 65 AMG
1329,MERCEDES-BENZ,SLC-CLASS,MERCEDES-BENZ SLC-CLASS
1330,MERCEDES-BENZ,SLC 180,MERCEDES-BENZ SLC 180
1331,MERCEDES-BENZ,SLC 200,MERCEDES-BENZ SLC 200
1332,MERCEDES-BENZ,SLC 250 d,MERCEDES-BENZ SLC 250 d
1333,MERCEDES-BENZ,SLC 280,MERCEDES-BENZ SLC 280
1334,MERCEDES-BENZ,SLC 300,MERCEDES-BENZ SLC 300
1335,MERCEDES-BENZ,SLC 350,MERCEDES-BENZ SLC 350
1336,MERCEDES-BENZ,SLC 380,MERCEDES-BENZ SLC 380
1337,MERCEDES-BENZ,SLC 43 AMG,MERCEDES-BENZ SLC 43 AMG
1338,MERCEDES-BENZ,SLC 450,MERCEDES-BENZ SLC 450
1339,MERCEDES-BENZ,SLC 500,MERCEDES-BENZ SLC 500
1340,MERCEDES-BENZ,SLK-CLASS,MERCEDES-BENZ SLK-CLASS
1341,MERCEDES-BENZ,SLK 200,MERCEDES-BENZ SLK 200
1342,MERCEDES-BENZ,SLK 230,MERCEDES-BENZ SLK 230
1343,MERCEDES-BENZ,SLK 250,MERCEDES-BENZ SLK 250
1344,MERCEDES-BENZ,SLK 280,MERCEDES-BENZ SLK 280
1345,MERCEDES-BENZ,SLK 300,MERCEDES-BENZ SLK 300
1346,MERCEDES-BENZ,SLK 32 AMG,MERCEDES-BENZ SLK 32 AMG
1347,MERCEDES-BENZ,SLK 320,MERCEDES-BENZ SLK 320
1348,MERCEDES-BENZ,SLK 350,MERCEDES-BENZ SLK 350
1349,MERCEDES-BENZ,SLK 55 AMG,MERCEDES-BENZ SLK 55 AMG
1350,MERCEDES-BENZ,SLR,MERCEDES-BENZ SLR
1351,MERCEDES-BENZ,SLS 63,MERCEDES-BENZ SLS 63
1352,MERCEDES-BENZ,Sprinter,MERCEDES-BENZ Sprinter
1353,MERCEDES-BENZ,T-CLASS,MERCEDES-BENZ T-CLASS
1354,MERCEDES-BENZ,V-CLASS,MERCEDES-BENZ V-CLASS
1355,MERCEDES-BENZ,V 170,MERCEDES-BENZ V 170
1356,MERCEDES-BENZ,V 200,MERCEDES-BENZ V 200
1357,MERCEDES-BENZ,V 220,MERCEDES-BENZ V 220
1358,MERCEDES-BENZ,V 230,MERCEDES-BENZ V 230
1359,MERCEDES-BENZ,V 250,MERCEDES-BENZ V 250
1360,MERCEDES-BENZ,V 280,MERCEDES-BENZ V 280
1361,MERCEDES-BENZ,V 300,MERCEDES-BENZ V 300
1362,MERCEDES-BENZ,VANEO,MERCEDES-BENZ VANEO
1363,MERCEDES-BENZ,VIANO,MERCEDES-BENZ VIANO
1364,MERCEDES-BENZ,VITO,MERCEDES-BENZ VITO
1365,MERCEDES-BENZ,X-CLASS,MERCEDES-BENZ X-CLASS
1366,MERCEDES-BENZ,X 220,MERCEDES-BENZ X 220
1367,MERCEDES-BENZ,X 250,MERCEDES-BENZ X 250
1368,MERCEDES-BENZ,X 350,MERCEDES-BENZ X 350
1369,MERCURY,Cougar,MERCURY Cougar
1370,MG,F,MG F
1371,MG,Marvel R,MG Marvel R
1372,MG,METRO,MG METRO
1373,MG,MG4,MG MG4
1374,MG,MG5,MG MG5
1375,MG,MGA,MG MGA
1376,MG,MGB,MG MGB
1377,MG,MGC,MG MGC
1378,MG,MIDGET,MG MIDGET
1379,MG,RV8,MG RV8
1380,MG,TC,MG TC
1381,MG,TD,MG TD
1382,MG,TF,MG TF
1383,MG,ZR,MG ZR
1384,MG,ZS,MG ZS
1385,MG,ZT,MG ZT
1386,MICRO,MICROLINO,MICRO MICROLINO
1387,MINI,CABRIO,MINI CABRIO
1388,MINI,CLUBMAN,MINI CLUBMAN
1389,MINI,CLUBVAN,MINI CLUBVAN
1390,MINI,COUNTRYMAN,MINI COUNTRYMAN
1391,MINI,COUPE,MINI COUPE
1392,MINI,MINI,MINI MINI
1393,MINI,PACEMAN,MINI PACEMAN
1394,MINI,ROADSTER,MINI ROADSTER
1395,MITSUBISHI,3000 GT,MITSUBISHI 3000 GT
1396,MITSUBISHI,ASX,MITSUBISHI ASX
1397,MITSUBISHI,ATTRAGE,MITSUBISHI ATTRAGE
1398,MITSUBISHI,CANTER,MITSUBISHI CANTER
1399,MITSUBISHI,CARISMA,MITSUBISHI CARISMA
1400,MITSUBISHI,COLT,MITSUBISHI COLT
1401,MITSUBISHI,CORDIA,MITSUBISHI CORDIA
1402,MITSUBISHI,ECLIPSE,MITSUBISHI ECLIPSE
1403,MITSUBISHI,ECLIPSE CROSS,MITSUBISHI ECLIPSE CROSS
1404,MITSUBISHI,GALANT,MITSUBISHI GALANT
1405,MITSUBISHI,GRANDIS,MITSUBISHI GRANDIS
1406,MITSUBISHI,i MiEV,MITSUBISHI i MiEV
1407,MITSUBISHI,L 200,MITSUBISHI L 200
1408,MITSUBISHI,L 300,MITSUBISHI L 300
1409,MITSUBISHI,L 400,MITSUBISHI L 400
1410,MITSUBISHI,LANCER,MITSUBISHI LANCER
1411,MITSUBISHI,OUTLANDER,MITSUBISHI OUTLANDER
1412,MITSUBISHI,PAJERO,MITSUBISHI PAJERO
1413,MITSUBISHI,SAPPORO,MITSUBISHI SAPPORO
1414,MITSUBISHI,SIGMA,MITSUBISHI SIGMA
1415,MITSUBISHI,Sigma Wagon,MITSUBISHI Sigma Wagon
1416,MITSUBISHI,SPACE GEAR,MITSUBISHI SPACE GEAR
1417,MITSUBISHI,SPACE RUNNER,MITSUBISHI SPACE RUNNER
1418,MITSUBISHI,SPACE STAR,MITSUBISHI SPACE STAR
1419,MITSUBISHI,SPACE WAGON,MITSUBISHI SPACE WAGON
1420,MITSUBISHI,STARION,MITSUBISHI STARION
1421,MITSUBISHI,TREDIA,MITSUBISHI TREDIA
1422,MORGAN,2024-04-04 00:00:00,MORGAN 45386
1423,MORGAN,70th Anniversary,MORGAN 70th Anniversary
1424,MORGAN,AERO 8,MORGAN AERO 8
1425,MORGAN,PLUS 4,MORGAN PLUS 4
1426,MORGAN,PLUS 8,MORGAN PLUS 8
1427,MORGAN,PLUS FOUR,MORGAN PLUS FOUR
1428,MORGAN,PLUS SIX,MORGAN PLUS SIX
1429,MORGAN,ROADSTER,MORGAN ROADSTER
1430,MORGAN,SUPER 3,MORGAN SUPER 3
1431,MORGAN,THREEWHEELER,MORGAN THREEWHEELER
1432,NISSAN,100 NX,NISSAN 100 NX
1433,NISSAN,200 SX,NISSAN 200 SX
1434,NISSAN,350 Z,NISSAN 350 Z
1435,NISSAN,370 Z,NISSAN 370 Z
1436,NISSAN,ALMERA,NISSAN ALMERA
1437,NISSAN,ARIYA,NISSAN ARIYA
1438,NISSAN,ARMADA,NISSAN ARMADA
1439,NISSAN,BLUEBIRD,NISSAN BLUEBIRD
1440,NISSAN,CABSTAR,NISSAN CABSTAR
1441,NISSAN,CABSTAR E,NISSAN CABSTAR E
1442,NISSAN,CHERRY,NISSAN CHERRY
1443,NISSAN,CUBE,NISSAN CUBE
1444,NISSAN,e-NV200,NISSAN e-NV200
1445,NISSAN,FIGARO,NISSAN FIGARO
1446,NISSAN,GT-R,NISSAN GT-R
1447,NISSAN,INTERSTAR,NISSAN INTERSTAR
1448,NISSAN,JUKE,NISSAN JUKE
1449,NISSAN,KING-/DOUBLE,NISSAN KING-/DOUBLE
1450,NISSAN,LAUREL,NISSAN LAUREL
1451,NISSAN,LEAF,NISSAN LEAF
1452,NISSAN,MAXIMA,NISSAN MAXIMA
1453,NISSAN,MICRA,NISSAN MICRA
1454,NISSAN,MURANO,NISSAN MURANO
1455,NISSAN,NAVARA,NISSAN NAVARA
1456,NISSAN,NOTE,NISSAN NOTE
1457,NISSAN,NP300 PICKUP,NISSAN NP300 PICKUP
1458,NISSAN,NV200,NISSAN NV200
1459,NISSAN,NV300,NISSAN NV300
1460,NISSAN,NV400,NISSAN NV400
1461,NISSAN,PATHFINDER,NISSAN PATHFINDER
1462,NISSAN,PATROL,NISSAN PATROL
1463,NISSAN,PIXO,NISSAN PIXO
1464,NISSAN,PRAIRIE,NISSAN PRAIRIE
1465,NISSAN,PRIMASTAR,NISSAN PRIMASTAR
1466,NISSAN,PRIMERA,NISSAN PRIMERA
1467,NISSAN,PULSAR,NISSAN PULSAR
1468,NISSAN,QASHQAI,NISSAN QASHQAI
1469,NISSAN,Quest,NISSAN Quest
1470,NISSAN,SERENA,NISSAN SERENA
1471,NISSAN,SILVIA,NISSAN SILVIA
1472,NISSAN,Skyline,NISSAN Skyline
1473,NISSAN,STANZA,NISSAN STANZA
1474,NISSAN,SUNNY,NISSAN SUNNY
1475,NISSAN,TERRANO,NISSAN TERRANO
1476,NISSAN,TIIDA,NISSAN TIIDA
1477,NISSAN,TITAN,NISSAN TITAN
1478,NISSAN,TOWNSTAR,NISSAN TOWNSTAR
1479,NISSAN,URVAN,NISSAN URVAN
1480,NISSAN,VANETTE,NISSAN VANETTE
1481,NISSAN,X-TRAIL,NISSAN X-TRAIL
1482,NISSAN,ZX,NISSAN ZX
1483,NSU,RO 80,NSU RO 80
1484,OLDSMOBILE,442,OLDSMOBILE 442
1485,OLDSMOBILE,BRAVADA,OLDSMOBILE BRAVADA
1486,OLDSMOBILE,CUTLASS,OLDSMOBILE CUTLASS
1487,OLDSMOBILE,DELTA,OLDSMOBILE DELTA
1488,OLDSMOBILE,NINETY EIGHT,OLDSMOBILE NINETY EIGHT
1489,OLDSMOBILE,TORONADO,OLDSMOBILE TORONADO
1490,OPEL,ADAM,OPEL ADAM
1491,OPEL,AGILA,OPEL AGILA
1492,OPEL,AMPERA,OPEL AMPERA
1493,OPEL,ANTARA,OPEL ANTARA
1494,OPEL,ASCONA,OPEL ASCONA
1495,OPEL,ASTRA,OPEL ASTRA
1496,OPEL,CALIBRA,OPEL CALIBRA
1497,OPEL,CAMPO,OPEL CAMPO
1498,OPEL,CASCADA,OPEL CASCADA
1499,OPEL,COMBO,OPEL COMBO
1500,OPEL,Commodore,OPEL Commodore
1501,OPEL,CORSA,OPEL CORSA
1502,OPEL,CROSSLAND,OPEL CROSSLAND
1503,OPEL,CROSSLAND X,OPEL CROSSLAND X
1504,OPEL,Diplomat,OPEL Diplomat
1505,OPEL,FRONTERA,OPEL FRONTERA
1506,OPEL,GRANDLAND,OPEL GRANDLAND
1507,OPEL,GRANDLAND X,OPEL GRANDLAND X
1508,OPEL,GT,OPEL GT
1509,OPEL,INSIGNIA,OPEL INSIGNIA
1510,OPEL,KADETT,OPEL KADETT
1511,OPEL,KARL,OPEL KARL
1512,OPEL,MANTA,OPEL MANTA
1513,OPEL,MERIVA,OPEL MERIVA
1514,OPEL,MOKKA,OPEL MOKKA
1515,OPEL,MOKKA-E,OPEL MOKKA-E
1516,OPEL,MONTEREY,OPEL MONTEREY
1517,OPEL,MONZA,OPEL MONZA
1518,OPEL,MOVANO,OPEL MOVANO
1519,OPEL,OMEGA,OPEL OMEGA
1520,OPEL,REKORD,OPEL REKORD
1521,OPEL,ROCKS,OPEL ROCKS
1522,OPEL,SENATOR,OPEL SENATOR
1523,OPEL,SIGNUM,OPEL SIGNUM
1524,OPEL,SINTRA,OPEL SINTRA
1525,OPEL,SPEEDSTER,OPEL SPEEDSTER
1526,OPEL,SUPER SIX,OPEL SUPER SIX
1527,OPEL,TIGRA,OPEL TIGRA
1528,OPEL,VECTRA,OPEL VECTRA
1529,OPEL,VIVARO,OPEL VIVARO
1530,OPEL,ZAFIRA,OPEL ZAFIRA
1531,PEUGEOT,1007,PEUGEOT 1007
1532,PEUGEOT,104,PEUGEOT 104
1533,PEUGEOT,106,PEUGEOT 106
1534,PEUGEOT,107,PEUGEOT 107
1535,PEUGEOT,108,PEUGEOT 108
1536,PEUGEOT,2008,PEUGEOT 2008
1537,PEUGEOT,203,PEUGEOT 203
1538,PEUGEOT,204,PEUGEOT 204
1539,PEUGEOT,205,PEUGEOT 205
1540,PEUGEOT,206,PEUGEOT 206
1541,PEUGEOT,207,PEUGEOT 207
1542,PEUGEOT,208,PEUGEOT 208
1543,PEUGEOT,3008,PEUGEOT 3008
1544,PEUGEOT,301,PEUGEOT 301
1545,PEUGEOT,304,PEUGEOT 304
1546,PEUGEOT,305,PEUGEOT 305
1547,PEUGEOT,306,PEUGEOT 306
1548,PEUGEOT,307,PEUGEOT 307
1549,PEUGEOT,308,PEUGEOT 308
1550,PEUGEOT,309,PEUGEOT 309
1551,PEUGEOT,4007,PEUGEOT 4007
1552,PEUGEOT,4008,PEUGEOT 4008
1553,PEUGEOT,404,PEUGEOT 404
1554,PEUGEOT,405,PEUGEOT 405
1555,PEUGEOT,406,PEUGEOT 406
1556,PEUGEOT,407,PEUGEOT 407
1557,PEUGEOT,408,PEUGEOT 408
1558,PEUGEOT,5008,PEUGEOT 5008
1559,PEUGEOT,504,PEUGEOT 504
1560,PEUGEOT,505,PEUGEOT 505
1561,PEUGEOT,508,PEUGEOT 508
1562,PEUGEOT,604,PEUGEOT 604
1563,PEUGEOT,605,PEUGEOT 605
1564,PEUGEOT,607,PEUGEOT 607
1565,PEUGEOT,806,PEUGEOT 806
1566,PEUGEOT,807,PEUGEOT 807
1567,PEUGEOT,BIPPER,PEUGEOT BIPPER
1568,PEUGEOT,BOXER,PEUGEOT BOXER
1569,PEUGEOT,E-EXPERT,PEUGEOT E-EXPERT
1570,PEUGEOT,E-PARTNER,PEUGEOT E-PARTNER
1571,PEUGEOT,EXPERT,PEUGEOT EXPERT
1572,PEUGEOT,iON,PEUGEOT iON
1573,PEUGEOT,PARTNER,PEUGEOT PARTNER
1574,PEUGEOT,RCZ,PEUGEOT RCZ
1575,PEUGEOT,RIFTER,PEUGEOT RIFTER
1576,PEUGEOT,STREETZONE,PEUGEOT STREETZONE
1577,PEUGEOT,TRAVELLER,PEUGEOT TRAVELLER
1578,PIAGGIO,PORTER,PIAGGIO PORTER
1579,PLYMOUTH,Prowler,PLYMOUTH Prowler
1580,PLYMOUTH,Trailduster,PLYMOUTH Trailduster
1581,PLYMOUTH,VALIANT,PLYMOUTH VALIANT
1582,POLESTAR,1,POLESTAR 1
1583,POLESTAR,2,POLESTAR 2
1584,POLESTAR,3,POLESTAR 3
1585,POLESTAR,4,POLESTAR 4
1586,PONTIAC,6000,PONTIAC 6000
1587,PONTIAC,BONNEVILLE,PONTIAC BONNEVILLE
1588,PONTIAC,FIERO,PONTIAC FIERO
1589,PONTIAC,FIREBIRD,PONTIAC FIREBIRD
1590,PONTIAC,GRAND LEMANS,PONTIAC GRAND LEMANS
1591,PONTIAC,GRAND-AM,PONTIAC GRAND-AM
1592,PONTIAC,GRAND-PRIX,PONTIAC GRAND-PRIX
1593,PONTIAC,Montana,PONTIAC Montana
1594,PONTIAC,Solstice,PONTIAC Solstice
1595,PONTIAC,SUNBIRD,PONTIAC SUNBIRD
1596,PONTIAC,Sunfire,PONTIAC Sunfire
1597,PONTIAC,TRANS-SPORT,PONTIAC TRANS-SPORT
1598,PORSCHE,356,PORSCHE 356
1599,PORSCHE,550,PORSCHE 550
1600,PORSCHE,718 Spyder,PORSCHE 718 Spyder
1601,PORSCHE,911,PORSCHE 911
1602,PORSCHE,912,PORSCHE 912
1603,PORSCHE,914,PORSCHE 914
1604,PORSCHE,918,PORSCHE 918
1605,PORSCHE,924,PORSCHE 924
1606,PORSCHE,928,PORSCHE 928
1607,PORSCHE,935,PORSCHE 935
1608,PORSCHE,944,PORSCHE 944
1609,PORSCHE,959,PORSCHE 959
1610,PORSCHE,968,PORSCHE 968
1611,PORSCHE,BOXSTER,PORSCHE BOXSTER
1612,PORSCHE,CARRERA GT,PORSCHE CARRERA GT
1613,PORSCHE,CAYENNE,PORSCHE CAYENNE
1614,PORSCHE,CAYENNE E-HYBRID,PORSCHE CAYENNE E-HYBRID
1615,PORSCHE,CAYMAN,PORSCHE CAYMAN
1616,PORSCHE,MACAN,PORSCHE MACAN
1617,PORSCHE,PANAMERA,PORSCHE PANAMERA
1618,PORSCHE,PANAMERA E-HYBRID,PORSCHE PANAMERA E-HYBRID
1619,PORSCHE,TAYCAN,PORSCHE TAYCAN
1620,PUCH,G,PUCH G
1621,RELIANT,SCIMITAR,RELIANT SCIMITAR
1622,RENAULT,ALASKAN,RENAULT ALASKAN
1623,RENAULT,Alizé,RENAULT Alizé
1624,RENAULT,ARKANA,RENAULT ARKANA
1625,RENAULT,AUSTRAL,RENAULT AUSTRAL
1626,RENAULT,AVANTIME,RENAULT AVANTIME
1627,RENAULT,CAPTUR,RENAULT CAPTUR
1628,RENAULT,CARAVELLE,RENAULT CARAVELLE
1629,RENAULT,CLIO,RENAULT CLIO
1630,RENAULT,ESPACE,RENAULT ESPACE
1631,RENAULT,EXPRESS,RENAULT EXPRESS
1632,RENAULT,FLUENCE,RENAULT FLUENCE
1633,RENAULT,FUEGO,RENAULT FUEGO
1634,RENAULT,GRAND ESPACE,RENAULT GRAND ESPACE
1635,RENAULT,GRAND KANGOO,RENAULT GRAND KANGOO
1636,RENAULT,GRAND SCENIC,RENAULT GRAND SCENIC
1637,RENAULT,KADJAR,RENAULT KADJAR
1638,RENAULT,KANGOO,RENAULT KANGOO
1639,RENAULT,KANGOO EXPR.,RENAULT KANGOO EXPR.
1640,RENAULT,KANGOO MAXI,RENAULT KANGOO MAXI
1641,RENAULT,KOLEOS,RENAULT KOLEOS
1642,RENAULT,LAGUNA,RENAULT LAGUNA
1643,RENAULT,LATITUDE,RENAULT LATITUDE
1644,RENAULT,MASTER,RENAULT MASTER
1645,RENAULT,MEGANE,RENAULT MEGANE
1646,RENAULT,MODUS,RENAULT MODUS
1647,RENAULT,NN2,RENAULT NN2
1648,RENAULT,R10,RENAULT R10
1649,RENAULT,R11,RENAULT R11
1650,RENAULT,R12,RENAULT R12
1651,RENAULT,R14,RENAULT R14
1652,RENAULT,R16,RENAULT R16
1653,RENAULT,R18,RENAULT R18
1654,RENAULT,R19,RENAULT R19
1655,RENAULT,R20,RENAULT R20
1656,RENAULT,R21,RENAULT R21
1657,RENAULT,R25,RENAULT R25
1658,RENAULT,R30,RENAULT R30
1659,RENAULT,R4,RENAULT R4
1660,RENAULT,R5,RENAULT R5
1661,RENAULT,R9,RENAULT R9
1662,RENAULT,RAFALE,RENAULT RAFALE
1663,RENAULT,SAFRANE,RENAULT SAFRANE
1664,RENAULT,SCENIC,RENAULT SCENIC
1665,RENAULT,SPORT SPIDER,RENAULT SPORT SPIDER
1666,RENAULT,TALISMAN,RENAULT TALISMAN
1667,RENAULT,TRAFIC,RENAULT TRAFIC
1668,RENAULT,TWINGO,RENAULT TWINGO
1669,RENAULT,TWIZY,RENAULT TWIZY
1670,RENAULT,VEL SATIS,RENAULT VEL SATIS
1671,RENAULT,WIND,RENAULT WIND
1672,RENAULT,ZOE,RENAULT ZOE
1673,ROLLS-ROYCE,Cloud,ROLLS-ROYCE Cloud
1674,ROLLS-ROYCE,CORNICHE,ROLLS-ROYCE CORNICHE
1675,ROLLS-ROYCE,CULLINAN,ROLLS-ROYCE CULLINAN
1676,ROLLS-ROYCE,DAWN,ROLLS-ROYCE DAWN
1677,ROLLS-ROYCE,FLYING SPUR,ROLLS-ROYCE FLYING SPUR
1678,ROLLS-ROYCE,GHOST,ROLLS-ROYCE GHOST
1679,ROLLS-ROYCE,PARK WARD,ROLLS-ROYCE PARK WARD
1680,ROLLS-ROYCE,PHANTOM,ROLLS-ROYCE PHANTOM
1681,ROLLS-ROYCE,Silver Cloud,ROLLS-ROYCE Silver Cloud
1682,ROLLS-ROYCE,Silver Dawn,ROLLS-ROYCE Silver Dawn
1683,ROLLS-ROYCE,Silver Seraph,ROLLS-ROYCE Silver Seraph
1684,ROLLS-ROYCE,Silver Shadow,ROLLS-ROYCE Silver Shadow
1685,ROLLS-ROYCE,Silver Spirit,ROLLS-ROYCE Silver Spirit
1686,ROLLS-ROYCE,Silver Spur,ROLLS-ROYCE Silver Spur
1687,ROLLS-ROYCE,Silver Wraith,ROLLS-ROYCE Silver Wraith
1688,ROLLS-ROYCE,TOURING,ROLLS-ROYCE TOURING
1689,ROLLS-ROYCE,WRAITH,ROLLS-ROYCE WRAITH
1690,ROVER,200,ROVER 200
1691,ROVER,25,ROVER 25
1692,ROVER,2600/3500,ROVER 2600/3500
1693,ROVER,400,ROVER 400
1694,ROVER,45,ROVER 45
1695,ROVER,600,ROVER 600
1696,ROVER,75,ROVER 75
1697,ROVER,800,ROVER 800
1698,ROVER,MINI,ROVER MINI
1699,ROVER,STREETWISE,ROVER STREETWISE
1700,SAAB,90,SAAB 90
1701,SAAB,900,SAAB 900
1702,SAAB,9000,SAAB 9000
1703,SAAB,2024-03-09 00:00:00,SAAB 45360
1704,SAAB,9-4X,SAAB 9-4X
1705,SAAB,2024-05-09 00:00:00,SAAB 45421
1706,SAAB,99,SAAB 99
1707,SAAB,SPEZIAL,SAAB SPEZIAL
1708,SEAT,ALHAMBRA,SEAT ALHAMBRA
1709,SEAT,ALTEA,SEAT ALTEA
1710,SEAT,ARONA,SEAT ARONA
1711,SEAT,AROSA,SEAT AROSA
1712,SEAT,ATECA,SEAT ATECA
1713,SEAT,CORDOBA,SEAT CORDOBA
1714,SEAT,EXEO,SEAT EXEO
1715,SEAT,IBIZA,SEAT IBIZA
1716,SEAT,INCA,SEAT INCA
1717,SEAT,LEON,SEAT LEON
1718,SEAT,MALAGA,SEAT MALAGA
1719,SEAT,MARBELLA,SEAT MARBELLA
1720,SEAT,MII,SEAT MII
1721,SEAT,RONDA,SEAT RONDA
1722,SEAT,TARRACO,SEAT TARRACO
1723,SEAT,TERRA,SEAT TERRA
1724,SEAT,TOLEDO,SEAT TOLEDO
1725,SERES,5,SERES 5
1726,SKODA,CITIGO,SKODA CITIGO
1727,SKODA,ENYAQ iV,SKODA ENYAQ iV
1728,SKODA,FABIA,SKODA FABIA
1729,SKODA,FAVORIT,SKODA FAVORIT
1730,SKODA,FELICIA,SKODA FELICIA
1731,SKODA,FORMAN,SKODA FORMAN
1732,SKODA,KAMIQ,SKODA KAMIQ
1733,SKODA,KAROQ,SKODA KAROQ
1734,SKODA,KODIAQ,SKODA KODIAQ
1735,SKODA,OCTAVIA,SKODA OCTAVIA
1736,SKODA,RAPID,SKODA RAPID
1737,SKODA,ROOMSTER,SKODA ROOMSTER
1738,SKODA,SCALA,SKODA SCALA
1739,SKODA,SUPERB,SKODA SUPERB
1740,SKODA,YETI,SKODA YETI
1741,SMART,#1,SMART #1
1742,SMART,#3,SMART #3
1743,SMART,FORFOUR,SMART FORFOUR
1744,SMART,FORTWO,SMART FORTWO
1745,SMART,ROADSTER,SMART ROADSTER
1746,SSANGYONG,ACTYON,SSANGYONG ACTYON
1747,SSANGYONG,KORANDO,SSANGYONG KORANDO
1748,SSANGYONG,KYRON,SSANGYONG KYRON
1749,SSANGYONG,MUSSO,SSANGYONG MUSSO
1750,SSANGYONG,REXTON,SSANGYONG REXTON
1751,SSANGYONG,RODIUS,SSANGYONG RODIUS
1752,SSANGYONG,TIVOLI,SSANGYONG TIVOLI
1753,SSANGYONG,TORRES,SSANGYONG TORRES
1754,SSANGYONG,XLV,SSANGYONG XLV
1755,SUBARU,1600,SUBARU 1600
1756,SUBARU,1800,SUBARU 1800
1757,SUBARU,700,SUBARU 700
1758,SUBARU,ASCENT,SUBARU ASCENT
1759,SUBARU,BAJA,SUBARU BAJA
1760,SUBARU,BRZ,SUBARU BRZ
1761,SUBARU,CROSSTREK,SUBARU CROSSTREK
1762,SUBARU,E10 / E12,SUBARU E10 / E12
1763,SUBARU,FORESTER,SUBARU FORESTER
1764,SUBARU,IMPREZA,SUBARU IMPREZA
1765,SUBARU,JUSTY,SUBARU JUSTY
1766,SUBARU,LEGACY,SUBARU LEGACY
1767,SUBARU,LEVORG,SUBARU LEVORG
1768,SUBARU,OUTBACK,SUBARU OUTBACK
1769,SUBARU,SOLTERRA,SUBARU SOLTERRA
1770,SUBARU,SPEZIAL,SUBARU SPEZIAL
1771,SUBARU,SVX,SUBARU SVX
1772,SUBARU,TREZIA,SUBARU TREZIA
1773,SUBARU,TRIBECA,SUBARU TRIBECA
1774,SUBARU,VIVIO,SUBARU VIVIO
1775,SUBARU,WRX,SUBARU WRX
1776,SUBARU,XT,SUBARU XT
1777,SUBARU,XV,SUBARU XV
1778,SUNBEAM,ALPINE,SUNBEAM ALPINE
1779,SUZUKI,ACROSS,SUZUKI ACROSS
1780,SUZUKI,ALTO,SUZUKI ALTO
1781,SUZUKI,BALENO,SUZUKI BALENO
1782,SUZUKI,CARRY,SUZUKI CARRY
1783,SUZUKI,CELERIO,SUZUKI CELERIO
1784,SUZUKI,GRAND VITARA,SUZUKI GRAND VITARA
1785,SUZUKI,IGNIS,SUZUKI IGNIS
1786,SUZUKI,JIMNY,SUZUKI JIMNY
1787,SUZUKI,KIZASHI,SUZUKI KIZASHI
1788,SUZUKI,LIANA,SUZUKI LIANA
1789,SUZUKI,LJ,SUZUKI LJ
1790,SUZUKI,SA 310,SUZUKI SA 310
1791,SUZUKI,SAMURAI,SUZUKI SAMURAI
1792,SUZUKI,S-CROSS,SUZUKI S-CROSS
1793,SUZUKI,SJ,SUZUKI SJ
1794,SUZUKI,SPLASH,SUZUKI SPLASH
1795,SUZUKI,SWACE,SUZUKI SWACE
1796,SUZUKI,SWIFT,SUZUKI SWIFT
1797,SUZUKI,SX4,SUZUKI SX4
1798,SUZUKI,VITARA,SUZUKI VITARA
1799,SUZUKI,WAGON R,SUZUKI WAGON R
1800,SUZUKI,X-90,SUZUKI X-90
1801,TALBOT,HORIZON,TALBOT HORIZON
1802,TALBOT,MATRA,TALBOT MATRA
1803,TALBOT,Matra Murena,TALBOT Matra Murena
1804,TALBOT,SAMBA,TALBOT SAMBA
1805,TALBOT,SOLARA,TALBOT SOLARA
1806,TALBOT,TAGORA,TALBOT TAGORA
1807,TESLA,MODEL 3,TESLA MODEL 3
1808,TESLA,MODEL S,TESLA MODEL S
1809,TESLA,MODEL X,TESLA MODEL X
1810,TESLA,MODEL Y,TESLA MODEL Y
1811,TESLA,ROADSTER,TESLA ROADSTER
1812,TOYOTA,4-RUNNER,TOYOTA 4-RUNNER
1813,TOYOTA,AURIS,TOYOTA AURIS
1814,TOYOTA,AVENS. VERSO,TOYOTA AVENS. VERSO
1815,TOYOTA,AVENSIS,TOYOTA AVENSIS
1816,TOYOTA,AYGO,TOYOTA AYGO
1817,TOYOTA,AYGO X,TOYOTA AYGO X
1818,TOYOTA,BZ4X,TOYOTA BZ4X
1819,TOYOTA,CAMRY,TOYOTA CAMRY
1820,TOYOTA,CARINA,TOYOTA CARINA
1821,TOYOTA,CELICA,TOYOTA CELICA
1822,TOYOTA,Celica Supra,TOYOTA Celica Supra
1823,TOYOTA,C-HR,TOYOTA C-HR
1824,TOYOTA,COROL. VERSO,TOYOTA COROL. VERSO
1825,TOYOTA,COROLLA,TOYOTA COROLLA
1826,TOYOTA,COROLLA CROSS,TOYOTA COROLLA CROSS
1827,TOYOTA,CORONA,TOYOTA CORONA
1828,TOYOTA,CRESSIDA,TOYOTA CRESSIDA
1829,TOYOTA,CROWN,TOYOTA CROWN
1830,TOYOTA,DYNA,TOYOTA DYNA
1831,TOYOTA,FJ,TOYOTA FJ
1832,TOYOTA,FORTUNER,TOYOTA FORTUNER
1833,TOYOTA,GR 86,TOYOTA GR 86
1834,TOYOTA,GR SUPRA,TOYOTA GR SUPRA
1835,TOYOTA,GR YARIS,TOYOTA GR YARIS
1836,TOYOTA,GT 86,TOYOTA GT 86
1837,TOYOTA,HI-ACE,TOYOTA HI-ACE
1838,TOYOTA,Highlander,TOYOTA Highlander
1839,TOYOTA,HI-LUX,TOYOTA HI-LUX
1840,TOYOTA,iQ,TOYOTA iQ
1841,TOYOTA,LAND CRUISER,TOYOTA LAND CRUISER
1842,TOYOTA,Lite-Ace,TOYOTA Lite-Ace
1843,TOYOTA,Matrix,TOYOTA Matrix
1844,TOYOTA,MIRAI,TOYOTA MIRAI
1845,TOYOTA,MODEL-F,TOYOTA MODEL-F
1846,TOYOTA,MR2,TOYOTA MR2
1847,TOYOTA,PASEO,TOYOTA PASEO
1848,TOYOTA,PICNIC,TOYOTA PICNIC
1849,TOYOTA,PREVIA,TOYOTA PREVIA
1850,TOYOTA,PRIUS,TOYOTA PRIUS
1851,TOYOTA,PRIUS+,TOYOTA PRIUS+
1852,TOYOTA,PROACE,TOYOTA PROACE
1853,TOYOTA,PROACE CITY,TOYOTA PROACE CITY
1854,TOYOTA,PROACE CITY VERSO,TOYOTA PROACE CITY VERSO
1855,TOYOTA,PROACE VERSO,TOYOTA PROACE VERSO
1856,TOYOTA,RAV-4,TOYOTA RAV-4
1857,TOYOTA,SEQUOIA,TOYOTA SEQUOIA
1858,TOYOTA,Sienna,TOYOTA Sienna
1859,TOYOTA,STARLET,TOYOTA STARLET
1860,TOYOTA,SUPRA,TOYOTA SUPRA
1861,TOYOTA,Tacoma,TOYOTA Tacoma
1862,TOYOTA,TERCEL,TOYOTA TERCEL
1863,TOYOTA,TUNDRA,TOYOTA TUNDRA
1864,TOYOTA,UrbanCruiser,TOYOTA UrbanCruiser
1865,TOYOTA,VENZA,TOYOTA VENZA
1866,TOYOTA,VERSO,TOYOTA VERSO
1867,TOYOTA,VERSO-S,TOYOTA VERSO-S
1868,TOYOTA,YARIS,TOYOTA YARIS
1869,TOYOTA,YARIS CROSS,TOYOTA YARIS CROSS
1870,TOYOTA,YARIS VERSO,TOYOTA YARIS VERSO
1871,TRIUMPH,1800,TRIUMPH 1800
1872,TRIUMPH,Dolomite,TRIUMPH Dolomite
1873,TRIUMPH,GT6,TRIUMPH GT6
1874,TRIUMPH,Herald,TRIUMPH Herald
1875,TRIUMPH,ROADSTER,TRIUMPH ROADSTER
1876,TRIUMPH,Spitfire,TRIUMPH Spitfire
1877,TRIUMPH,Stag,TRIUMPH Stag
1878,TRIUMPH,TR2,TRIUMPH TR2
1879,TRIUMPH,TR3,TRIUMPH TR3
1880,TRIUMPH,TR3A,TRIUMPH TR3A
1881,TRIUMPH,TR4,TRIUMPH TR4
1882,TRIUMPH,TR4A,TRIUMPH TR4A
1883,TRIUMPH,TR5,TRIUMPH TR5
1884,TRIUMPH,TR6,TRIUMPH TR6
1885,TRIUMPH,TR7,TRIUMPH TR7
1886,TRIUMPH,TR8,TRIUMPH TR8
1887,TVR,CERBERA,TVR CERBERA
1888,TVR,CHIMAERA,TVR CHIMAERA
1889,TVR,GRIFFITH,TVR GRIFFITH
1890,TVR,S4 / V8,TVR S4 / V8
1891,TVR,T350,TVR T350
1892,TVR,TUSCAN,TVR TUSCAN
1893,UNIMOG,CABRIOLET,UNIMOG CABRIOLET
1894,UNIMOG,COUPÉ,UNIMOG COUPÉ
1895,VOLVO,142,VOLVO 142
1896,VOLVO,144,VOLVO 144
1897,VOLVO,145,VOLVO 145
1898,VOLVO,164,VOLVO 164
1899,VOLVO,240,VOLVO 240
1900,VOLVO,244,VOLVO 244
1901,VOLVO,262C,VOLVO 262C
1902,VOLVO,340 / 360,VOLVO 340 / 360
1903,VOLVO,440 / 460,VOLVO 440 / 460
1904,VOLVO,480,VOLVO 480
1905,VOLVO,740,VOLVO 740
1906,VOLVO,760 / 780,VOLVO 760 / 780
1907,VOLVO,850,VOLVO 850
1908,VOLVO,940 / POLAR,VOLVO 940 / POLAR
1909,VOLVO,960,VOLVO 960
1910,VOLVO,AMAZON,VOLVO AMAZON
1911,VOLVO,C30,VOLVO C30
1912,VOLVO,C40,VOLVO C40
1913,VOLVO,C70,VOLVO C70
1914,VOLVO,EC40,VOLVO EC40
1915,VOLVO,EX 30,VOLVO EX 30
1916,VOLVO,EX 90,VOLVO EX 90
1917,VOLVO,EX40,VOLVO EX40
1918,VOLVO,P1800,VOLVO P1800
1919,VOLVO,PV 444,VOLVO PV 444
1920,VOLVO,PV 544,VOLVO PV 544
1921,VOLVO,S40,VOLVO S40
1922,VOLVO,S60,VOLVO S60
1923,VOLVO,S70,VOLVO S70
1924,VOLVO,S80,VOLVO S80
1925,VOLVO,S90,VOLVO S90
1926,VOLVO,V40,VOLVO V40
1927,VOLVO,V50,VOLVO V50
1928,VOLVO,V60,VOLVO V60
1929,VOLVO,V70,VOLVO V70
1930,VOLVO,V90,VOLVO V90
1931,VOLVO,XC40,VOLVO XC40
1932,VOLVO,XC60,VOLVO XC60
1933,VOLVO,XC70,VOLVO XC70
1934,VOLVO,XC90,VOLVO XC90
1935,VOYAH,FREE,VOYAH FREE
1936,VW,AMAROK,VW AMAROK
1937,VW,ARTEON,VW ARTEON
1938,VW,ATLAS,VW ATLAS
1939,VW,BEETLE,VW BEETLE
1940,VW,BORA,VW BORA
1941,VW,BUGGY,VW BUGGY
1942,VW,CADDY,VW CADDY
1943,VW,CC,VW CC
1944,VW,CORRADO,VW CORRADO
1945,VW,CRAFTER,VW CRAFTER
1946,VW,EOS,VW EOS
1947,VW,e-Up,VW e-Up
1948,VW,FOX,VW FOX
1949,VW,GOLF,VW GOLF
1950,VW,Golf Plus,VW Golf Plus
1951,VW,GOLF SPORTSVAN,VW GOLF SPORTSVAN
1952,VW,ID.3,VW ID.3
1953,VW,ID.4,VW ID.4
1954,VW,ID.5,VW ID.5
1955,VW,ID.6,VW ID.6
1956,VW,ID.7,VW ID.7
1957,VW,ID.BUZZ,VW ID.BUZZ
1958,VW,JETTA,VW JETTA
1959,VW,Käfer,VW Käfer
1960,VW,KARMANN-GHIA,VW KARMANN-GHIA
1961,VW,LT,VW LT
1962,VW,LUPO,VW LUPO
1963,VW,PASSAT,VW PASSAT
1964,VW,PHAETON,VW PHAETON
1965,VW,POLO,VW POLO
1966,VW,ROUTAN,VW ROUTAN
1967,VW,SANTANA,VW SANTANA
1968,VW,SCIROCCO,VW SCIROCCO
1969,VW,SHARAN,VW SHARAN
1970,VW,T1,VW T1
1971,VW,T2,VW T2
1972,VW,T3,VW T3
1973,VW,T4,VW T4
1974,VW,T5,VW T5
1975,VW,T6,VW T6
1976,VW,T6.1,VW T6.1
1977,VW,T7 MULTIVAN,VW T7 MULTIVAN
1978,VW,TAIGO,VW TAIGO
1979,VW,TARO,VW TARO
1980,VW,T-CROSS,VW T-CROSS
1981,VW,TIGUAN,VW TIGUAN
1982,VW,TOUAREG,VW TOUAREG
1983,VW,TOURAN,VW TOURAN
1984,VW,T-ROC,VW T-ROC
1985,VW,TYP 181,VW TYP 181
1986,VW,Up,VW Up
1987,VW,VENTO,VW VENTO
1988,VW,XL1,VW XL1
1989,WIESMANN,COUPE,WIESMANN COUPE
1990,WIESMANN,ROADSTER,WIESMANN ROADSTER
